0,-0.05000000074505806
1,-0.0416666679084301
2,-0.036666665226221085
3,-0.029999999329447746
4,-0.028333332389593124
5,-0.02500000037252903
6,-0.018333332613110542
7,-0.018333332613110542
8,-0.019999999552965164
9,-0.00833333283662796
10,-0.006666666828095913
11,-0.011666666716337204
12,-0.004999999888241291
13,-0.006666666828095913
14,-0.0033333334140479565
15,-0.0016666667070239782
16,-0.0016666667070239782
17,0.0
18,-0.0033333334140479565
19,0.0
20,0.0
21,-0.004999999888241291
22,0.0
23,0.0
24,0.0
25,-0.0016666667070239782
26,0.0
27,0.0
28,0.0
29,0.0
30,0.0
31,0.0
32,-0.0016666667070239782
33,0.0
34,0.0
35,0.0
36,0.0
37,0.0
38,0.0
39,0.0
40,0.0
41,0.0
42,0.0
43,0.0
44,0.0
45,0.0
46,0.0
47,0.0
48,0.0
49,0.0
50,0.0
51,-0.0033333334140479565
52,0.0
53,0.0
54,0.0
55,-0.0016666667070239782
56,0.0
57,0.0
58,0.0
59,0.0
60,-0.0016666667070239782
61,0.0
62,0.0
63,0.0
64,0.0
65,0.0
66,-0.0033333334140479565
67,-0.0016666667070239782
68,-0.0016666667070239782
69,-0.004999999888241291
70,-0.0033333334140479565
71,0.0
72,-0.0016666667070239782
73,-0.0016666667070239782
74,-0.006666666828095913
75,-0.006666666828095913
76,-0.004999999888241291
77,-0.0016666667070239782
78,-0.0033333334140479565
79,-0.0016666667070239782
80,-0.006666666828095913
81,-0.0016666667070239782
82,-0.0033333334140479565
83,-0.004999999888241291
84,-0.006666666828095913
85,-0.0033333334140479565
86,-0.0033333334140479565
87,-0.004999999888241291
88,-0.0033333334140479565
89,-0.0016666667070239782
90,-0.0033333334140479565
91,-0.0033333334140479565
92,0.0
93,-0.0016666667070239782
94,0.0
95,0.0
96,-0.0033333334140479565
97,-0.0016666667070239782
98,-0.0016666667070239782
99,-0.0016666667070239782
100,-0.0033333334140479565
101,-0.004999999888241291
102,0.0
103,0.0
104,0.0
105,-0.0016666667070239782
106,-0.00833333283662796
107,-0.006666666828095913
108,-0.004999999888241291
109,-0.0033333334140479565
110,-0.004999999888241291
111,0.0
112,0.0
113,-0.0033333334140479565
114,-0.0033333334140479565
115,-0.0016666667070239782
116,-0.004999999888241291
117,-0.0016666667070239782
118,0.0
119,-0.0033333334140479565
120,-0.004999999888241291
121,-0.006666666828095913
122,-0.004999999888241291
123,-0.0016666667070239782
124,0.0
125,-0.0016666667070239782
126,0.0
127,0.0
128,-0.006666666828095913
129,-0.0016666667070239782
130,-0.004999999888241291
131,-0.006666666828095913
132,-0.00833333283662796
133,0.0
134,-0.0033333334140479565
135,-0.004999999888241291
136,-0.0016666667070239782
137,-0.0016666667070239782
138,-0.0033333334140479565
139,-0.006666666828095913
140,-0.00833333283662796
141,-0.0016666667070239782
142,-0.004999999888241291
143,-0.00833333283662796
144,-0.0033333334140479565
145,-0.0016666667070239782
146,-0.0016666667070239782
147,-0.00833333283662796
148,-0.0033333334140479565
149,-0.0033333334140479565
150,-0.0016666667070239782
151,0.0
152,-0.013333333656191826
153,-0.004999999888241291
154,-0.004999999888241291
155,-0.004999999888241291
156,-0.0033333334140479565
157,0.0
158,-0.0016666667070239782
159,-0.0033333334140479565
160,-0.004999999888241291
161,-0.0033333334140479565
162,0.0
163,-0.0016666667070239782
164,0.0
165,-0.0016666667070239782
166,0.0
167,-0.0016666667070239782
168,-0.0016666667070239782
169,-0.004999999888241291
170,-0.0033333334140479565
171,0.0
172,-0.006666666828095913
173,-0.004999999888241291
174,-0.0033333334140479565
175,-0.0033333334140479565
176,-0.0033333334140479565
177,-0.009999999776482582
178,-0.0033333334140479565
179,-0.011666666716337204
180,-0.0016666667070239782
181,-0.0033333334140479565
182,-0.01666666567325592
183,-0.004999999888241291
184,-0.011666666716337204
185,-0.011666666716337204
186,-0.013333333656191826
187,-0.006666666828095913
188,-0.009999999776482582
189,-0.00833333283662796
190,-0.013333333656191826
191,-0.004999999888241291
192,-0.0016666667070239782
193,-0.0016666667070239782
194,-0.006666666828095913
195,-0.00833333283662796
196,-0.004999999888241291
197,-0.004999999888241291
198,-0.00833333283662796
199,-0.0016666667070239782
200,-0.004999999888241291
201,-0.0033333334140479565
202,-0.009999999776482582
203,-0.011666666716337204
204,-0.006666666828095913
205,-0.006666666828095913
206,-0.00833333283662796
207,-0.004999999888241291
208,-0.009999999776482582
209,-0.006666666828095913
210,-0.00833333283662796
211,-0.00833333283662796
212,-0.004999999888241291
213,-0.0033333334140479565
214,-0.00833333283662796
215,-0.00833333283662796
216,-0.00833333283662796
217,-0.009999999776482582
218,-0.011666666716337204
219,-0.014999999664723873
220,-0.013333333656191826
221,-0.011666666716337204
222,-0.0016666667070239782
223,-0.004999999888241291
224,-0.009999999776482582
225,-0.006666666828095913
226,-0.00833333283662796
227,-0.0033333334140479565
228,-0.0033333334140479565
229,-0.00833333283662796
230,-0.004999999888241291
231,-0.006666666828095913
232,-0.0033333334140479565
233,0.0
234,-0.011666666716337204
235,-0.011666666716337204
236,-0.0033333334140479565
237,-0.006666666828095913
238,-0.0033333334140479565
239,-0.00833333283662796
240,-0.004999999888241291
241,0.0
242,-0.00833333283662796
243,-0.006666666828095913
244,-0.00833333283662796
245,-0.00833333283662796
246,-0.0033333334140479565
247,-0.004999999888241291
248,-0.013333333656191826
249,-0.004999999888241291
250,-0.00833333283662796
251,-0.009999999776482582
252,-0.004999999888241291
253,-0.009999999776482582
254,-0.014999999664723873
255,-0.00833333283662796
256,-0.00833333283662796
257,-0.0016666667070239782
258,-0.009999999776482582
259,-0.004999999888241291
260,-0.013333333656191826
261,-0.009999999776482582
262,-0.009999999776482582
263,-0.0033333334140479565
264,-0.009999999776482582
265,-0.011666666716337204
266,-0.009999999776482582
267,-0.009999999776482582
268,-0.004999999888241291
269,-0.004999999888241291
270,-0.0033333334140479565
271,-0.004999999888241291
272,-0.014999999664723873
273,-0.006666666828095913
274,-0.00833333283662796
275,-0.004999999888241291
276,-0.009999999776482582
277,-0.009999999776482582
278,-0.0033333334140479565
279,-0.0033333334140479565
280,-0.009999999776482582
281,-0.004999999888241291
282,-0.0016666667070239782
283,-0.004999999888241291
284,-0.011666666716337204
285,-0.0033333334140479565
286,-0.004999999888241291
287,-0.004999999888241291
288,-0.00833333283662796
289,-0.0016666667070239782
290,-0.0016666667070239782
291,-0.0033333334140479565
292,-0.009999999776482582
293,-0.0033333334140479565
294,-0.004999999888241291
295,-0.0033333334140479565
296,-0.00833333283662796
297,-0.0016666667070239782
298,-0.004999999888241291
299,-0.0033333334140479565
300,-0.0016666667070239782
301,-0.00833333283662796
302,-0.004999999888241291
303,-0.011666666716337204
304,-0.004999999888241291
305,-0.004999999888241291
306,-0.0016666667070239782
307,-0.004999999888241291
308,-0.011666666716337204
309,-0.018333332613110542
310,-0.004999999888241291
311,-0.004999999888241291
312,-0.0033333334140479565
313,-0.0016666667070239782
314,-0.006666666828095913
315,-0.0033333334140479565
316,-0.0016666667070239782
317,-0.006666666828095913
318,-0.0016666667070239782
319,-0.0016666667070239782
320,-0.006666666828095913
321,-0.0033333334140479565
322,-0.0016666667070239782
323,-0.004999999888241291
324,-0.0033333334140479565
325,-0.0016666667070239782
326,-0.0033333334140479565
327,0.0
328,-0.0016666667070239782
329,-0.0033333334140479565
330,-0.0016666667070239782
331,0.0
332,-0.0016666667070239782
333,-0.0016666667070239782
334,-0.004999999888241291
335,-0.0016666667070239782
336,-0.004999999888241291
337,-0.004999999888241291
338,-0.006666666828095913
339,-0.00833333283662796
340,-0.0033333334140479565
341,-0.004999999888241291
342,-0.0016666667070239782
343,-0.004999999888241291
344,-0.0016666667070239782
345,-0.004999999888241291
346,-0.006666666828095913
347,-0.0033333334140479565
348,0.0
349,-0.0016666667070239782
350,-0.0016666667070239782
351,-0.0016666667070239782
352,-0.0033333334140479565
353,0.0
354,-0.0033333334140479565
355,-0.006666666828095913
356,-0.009999999776482582
357,-0.006666666828095913
358,-0.006666666828095913
359,-0.004999999888241291
360,-0.0033333334140479565
361,-0.0016666667070239782
362,-0.0016666667070239782
363,-0.0016666667070239782
364,-0.0016666667070239782
365,0.0
366,-0.0016666667070239782
367,0.0
368,0.0
369,-0.0016666667070239782
370,-0.0016666667070239782
371,-0.0016666667070239782
372,-0.0016666667070239782
373,-0.00833333283662796
374,-0.0033333334140479565
375,-0.004999999888241291
376,-0.004999999888241291
377,-0.0033333334140479565
378,-0.004999999888241291
379,-0.004999999888241291
380,-0.006666666828095913
381,-0.006666666828095913
382,-0.0016666667070239782
383,-0.0016666667070239782
384,0.0
385,-0.00833333283662796
386,-0.009999999776482582
387,-0.004999999888241291
388,-0.006666666828095913
389,-0.0016666667070239782
390,-0.004999999888241291
391,-0.009999999776482582
392,-0.011666666716337204
393,-0.006666666828095913
394,-0.00833333283662796
395,-0.0016666667070239782
396,-0.009999999776482582
397,-0.0033333334140479565
398,-0.0033333334140479565
399,-0.013333333656191826
400,-0.004999999888241291
401,-0.006666666828095913
402,-0.006666666828095913
403,-0.0016666667070239782
404,-0.00833333283662796
405,-0.004999999888241291
406,-0.004999999888241291
407,-0.004999999888241291
408,-0.0033333334140479565
409,-0.00833333283662796
410,-0.004999999888241291
411,-0.0033333334140479565
412,-0.004999999888241291
413,-0.004999999888241291
414,0.0
415,0.0
416,-0.0033333334140479565
417,-0.0016666667070239782
418,-0.0016666667070239782
419,-0.004999999888241291
420,-0.006666666828095913
421,-0.004999999888241291
422,-0.0033333334140479565
423,-0.004999999888241291
424,-0.0033333334140479565
425,-0.0016666667070239782
426,-0.004999999888241291
427,-0.0016666667070239782
428,-0.0016666667070239782
429,-0.004999999888241291
430,-0.004999999888241291
431,-0.0033333334140479565
432,-0.004999999888241291
433,-0.0033333334140479565
434,-0.0033333334140479565
435,-0.0033333334140479565
436,0.0
437,-0.0016666667070239782
438,-0.0033333334140479565
439,0.0
440,-0.0016666667070239782
441,-0.0033333334140479565
442,-0.0016666667070239782
443,-0.0033333334140479565
444,-0.004999999888241291
445,0.0
446,0.0
447,-0.0016666667070239782
448,-0.0016666667070239782
449,-0.0033333334140479565
450,-0.004999999888241291
451,-0.004999999888241291
452,0.0
453,-0.0016666667070239782
454,0.0
455,-0.0016666667070239782
456,0.0
457,0.0
458,-0.004999999888241291
459,0.0
460,-0.0016666667070239782
461,0.0
462,-0.0016666667070239782
463,-0.0016666667070239782
464,-0.0016666667070239782
465,0.0
466,0.0
467,-0.0016666667070239782
468,-0.0016666667070239782
469,0.0
470,-0.0033333334140479565
471,-0.0016666667070239782
472,-0.006666666828095913
473,0.0
474,-0.0016666667070239782
475,-0.004999999888241291
476,0.0
477,-0.0016666667070239782
478,-0.0033333334140479565
479,-0.0016666667070239782
480,0.0
481,-0.0033333334140479565
482,-0.004999999888241291
483,-0.0016666667070239782
484,-0.0033333334140479565
485,-0.0033333334140479565
486,-0.0016666667070239782
487,-0.006666666828095913
488,-0.0033333334140479565
489,-0.0033333334140479565
490,-0.0016666667070239782
491,-0.0033333334140479565
492,-0.0033333334140479565
493,-0.0016666667070239782
494,-0.0033333334140479565
495,-0.0016666667070239782
496,-0.0016666667070239782
497,-0.006666666828095913
498,-0.009999999776482582
499,-0.004999999888241291
