0,-0.0702715739607811
1,-0.03722134232521057
2,-0.05810878425836563
3,-0.07389946281909943
4,-0.0611351877450943
5,-0.05205843225121498
6,-0.036455895751714706
7,-0.01952463947236538
8,-0.004887545481324196
9,-0.0012263336684554815
10,0.020994367077946663
11,0.06514017283916473
12,0.07375921308994293
13,0.1040080338716507
14,0.14240755140781403
15,0.17597757279872894
16,0.17785078287124634
17,0.22844578325748444
18,0.23338045179843903
19,0.2753911018371582
20,0.2619256377220154
21,0.2878052890300751
22,0.31885653734207153
23,0.3243409991264343
24,0.3520669639110565
25,0.36276382207870483
26,0.3777278661727905
27,0.39904341101646423
28,0.4259285628795624
29,0.4205397069454193
30,0.42515304684638977
31,0.459346204996109
32,0.4572339355945587
33,0.4470818340778351
34,0.4636314809322357
35,0.48251253366470337
36,0.48294180631637573
37,0.487822026014328
38,0.48466944694519043
39,0.4814014434814453
40,0.5064901113510132
41,0.4715109169483185
42,0.5033536553382874
43,0.49745965003967285
44,0.5132775902748108
45,0.5179893970489502
46,0.4926797151565552
47,0.5155779719352722
48,0.5351197123527527
49,0.5141985416412354
50,0.5030320882797241
51,0.5319257974624634
52,0.5143969058990479
53,0.5527141690254211
54,0.5328214764595032
55,0.5170267224311829
56,0.5194569826126099
57,0.5352252721786499
58,0.5235067009925842
59,0.5400556921958923
60,0.5327607989311218
61,0.5374329686164856
62,0.5320338010787964
63,0.5476862788200378
64,0.5489866733551025
65,0.5510118007659912
66,0.5251598954200745
67,0.5171634554862976
68,0.5245589017868042
69,0.5469306707382202
70,0.5457258820533752
71,0.5250298380851746
72,0.5620074272155762
73,0.5369470715522766
74,0.5260298848152161
75,0.5562831163406372
76,0.5311681032180786
77,0.5541822910308838
78,0.5319861769676208
79,0.561018705368042
80,0.5467958450317383
81,0.5464308261871338
82,0.5270097851753235
83,0.5485531687736511
84,0.543035626411438
85,0.5531358122825623
86,0.5424157977104187
87,0.5732268691062927
88,0.5405728816986084
89,0.548954427242279
90,0.5263177752494812
91,0.5320407748222351
92,0.5475867986679077
93,0.5508870482444763
94,0.5293247103691101
95,0.5764951109886169
96,0.5582354664802551
97,0.555860698223114
98,0.550805926322937
99,0.5646842122077942
100,0.5644246935844421
101,0.5366542339324951
102,0.5592914819717407
103,0.5637131929397583
104,0.5437869429588318
105,0.5449798107147217
106,0.5396550893783569
107,0.5578652024269104
108,0.5763166546821594
109,0.5404449701309204
110,0.5397648811340332
111,0.5045135617256165
112,0.5085864067077637
113,0.5104613304138184
114,0.5193366408348083
115,0.5148932933807373
116,0.5339434146881104
117,0.5392101407051086
118,0.5355817675590515
119,0.5442419052124023
120,0.5414350032806396
121,0.5651819109916687
122,0.550527811050415
123,0.5562318563461304
124,0.5796264410018921
125,0.5721482038497925
126,0.5458795428276062
127,0.5568698048591614
128,0.5362107753753662
129,0.5784543752670288
130,0.5569925308227539
131,0.577763557434082
132,0.5508419871330261
133,0.5573843717575073
134,0.5284985303878784
135,0.5681933164596558
136,0.5520569086074829
137,0.5623190999031067
138,0.5685163736343384
139,0.5616775751113892
140,0.5618522763252258
141,0.5464261770248413
142,0.5537862777709961
143,0.5474672913551331
144,0.5653279423713684
145,0.5657373070716858
146,0.546502947807312
147,0.5499008297920227
148,0.5779870748519897
149,0.5707563757896423
150,0.5719636082649231
151,0.529005765914917
152,0.5654650926589966
153,0.5566091537475586
154,0.5567752122879028
155,0.5784987211227417
156,0.5757075548171997
157,0.5481818914413452
158,0.5401159524917603
159,0.5578469634056091
160,0.5791866183280945
161,0.5560616850852966
162,0.548007071018219
163,0.5560606122016907
164,0.573342502117157
165,0.5630716681480408
166,0.564300537109375
167,0.567627489566803
168,0.5686585307121277
169,0.5474666953086853
170,0.5466859340667725
171,0.5594481825828552
172,0.5452179312705994
173,0.557840883731842
174,0.5566247701644897
175,0.5567746758460999
176,0.5614044070243835
177,0.5804810523986816
178,0.5719555616378784
179,0.5799177289009094
180,0.5357189774513245
181,0.5592187643051147
182,0.5694103240966797
183,0.5753577351570129
184,0.558819591999054
185,0.5591775178909302
186,0.5701277852058411
187,0.5499942898750305
188,0.5642697215080261
189,0.5586135387420654
190,0.5697516798973083
191,0.5630624890327454
192,0.5958971381187439
193,0.5587995648384094
194,0.576984703540802
195,0.546974778175354
196,0.5833662748336792
197,0.5827469825744629
198,0.5549729466438293
199,0.5908680558204651
200,0.5783947110176086
201,0.5631736516952515
202,0.587397038936615
203,0.5938849449157715
204,0.5596944689750671
205,0.5836440324783325
206,0.5743762254714966
207,0.5600430369377136
208,0.5613600015640259
209,0.5790556073188782
210,0.5650726556777954
211,0.5972207188606262
212,0.5836801528930664
213,0.5673131942749023
214,0.5819376707077026
215,0.5622441172599792
216,0.5721454620361328
217,0.5693245530128479
218,0.5621218085289001
219,0.5471571683883667
220,0.5696208477020264
221,0.5718910098075867
222,0.5661426782608032
223,0.5668111443519592
224,0.5760560035705566
225,0.5707842111587524
226,0.5624767541885376
227,0.5808051228523254
228,0.5819410681724548
229,0.565703272819519
230,0.5645226836204529
231,0.5813588500022888
232,0.5832535624504089
233,0.5771103501319885
234,0.5671111941337585
235,0.573554277420044
236,0.5956596732139587
237,0.5911203026771545
238,0.5863490104675293
239,0.5687198042869568
240,0.5928018093109131
241,0.57636559009552
242,0.5896701812744141
243,0.5818150043487549
244,0.5661569237709045
245,0.5671281814575195
246,0.5711077451705933
247,0.5970632433891296
248,0.5839459896087646
249,0.5474330186843872
250,0.5509129166603088
251,0.5828076004981995
252,0.5796998739242554
253,0.5803919434547424
254,0.5936974883079529
255,0.564513087272644
256,0.5863142609596252
257,0.5722315311431885
258,0.5901691913604736
259,0.5902679562568665
260,0.5693211555480957
261,0.5611240267753601
262,0.5644773840904236
263,0.5634987950325012
264,0.5887908935546875
265,0.5637412667274475
266,0.5504283308982849
267,0.5731932520866394
268,0.5693312883377075
269,0.5706259608268738
270,0.5471003651618958
271,0.5694856643676758
272,0.5545300245285034
273,0.5747618079185486
274,0.5639982223510742
275,0.5571922063827515
276,0.5535688400268555
277,0.5759575366973877
278,0.574575662612915
279,0.5778734683990479
280,0.5835496187210083
281,0.5467746257781982
282,0.572092592716217
283,0.5722054839134216
284,0.5652406215667725
285,0.580927312374115
286,0.5752421021461487
287,0.5748257040977478
288,0.5784015655517578
289,0.5930045247077942
290,0.5680635571479797
291,0.5848798751831055
292,0.5590903162956238
293,0.6005086898803711
294,0.5888229012489319
295,0.5810419321060181
296,0.5672073364257812
297,0.5885618329048157
298,0.5777454972267151
299,0.5730113387107849
300,0.5768739581108093
301,0.5655919909477234
302,0.5848589539527893
303,0.6043384075164795
304,0.5977587103843689
305,0.5536941885948181
306,0.5751246809959412
307,0.5797006487846375
308,0.5724450945854187
309,0.5386257171630859
310,0.5664275288581848
311,0.5729471445083618
312,0.568986177444458
313,0.5851634740829468
314,0.5947476029396057
315,0.5744109749794006
316,0.6046451926231384
317,0.559751033782959
318,0.5667356252670288
319,0.568678617477417
320,0.5824598670005798
321,0.6028127670288086
322,0.5720072984695435
323,0.5644102096557617
324,0.5635737776756287
325,0.539739727973938
326,0.5767312049865723
327,0.5697320103645325
328,0.5826015472412109
329,0.5676054954528809
330,0.5689733028411865
331,0.5672520995140076
332,0.5756889581680298
333,0.5662369728088379
334,0.5861032009124756
335,0.5700316429138184
336,0.598974347114563
337,0.5935337543487549
338,0.5970135927200317
339,0.5872744917869568
340,0.5699623227119446
341,0.5671564936637878
342,0.5618353486061096
343,0.5670633912086487
344,0.5636250972747803
345,0.5503223538398743
346,0.5920950770378113
347,0.5878034830093384
348,0.5810422897338867
349,0.5723493099212646
350,0.5713712573051453
351,0.5634665489196777
352,0.5854264497756958
353,0.5681906938552856
354,0.5827394127845764
355,0.5750123262405396
356,0.5768589973449707
357,0.581002414226532
358,0.5668513178825378
359,0.5725820064544678
360,0.590398371219635
361,0.5616631507873535
362,0.5661812424659729
363,0.5858582258224487
364,0.5828061699867249
365,0.5906378626823425
366,0.5971184372901917
367,0.6031847596168518
368,0.5966819524765015
369,0.5736263990402222
370,0.5988408923149109
371,0.5750851631164551
372,0.5723254680633545
373,0.5832905173301697
374,0.5845220685005188
375,0.6020295023918152
376,0.5638099908828735
377,0.5761615633964539
378,0.5827449560165405
379,0.589587390422821
380,0.5654974579811096
381,0.5856163501739502
382,0.5848174691200256
383,0.6105547547340393
384,0.6003577709197998
385,0.5971094369888306
386,0.5834529399871826
387,0.577333927154541
388,0.5732118487358093
389,0.594264566898346
390,0.570563554763794
391,0.5847916007041931
392,0.5824829339981079
393,0.5725670456886292
394,0.5747001767158508
395,0.6028517484664917
396,0.5760795474052429
397,0.586911678314209
398,0.6014944911003113
399,0.5749683976173401
400,0.5850421786308289
401,0.5703893303871155
402,0.6021329164505005
403,0.5775267481803894
404,0.5682127475738525
405,0.5952504277229309
406,0.5752156376838684
407,0.5838813185691833
408,0.5816605091094971
409,0.5871935486793518
410,0.596059262752533
411,0.5874592661857605
412,0.5901595950126648
413,0.6025104522705078
414,0.5894593596458435
415,0.5598433613777161
416,0.5921904444694519
417,0.6034006476402283
418,0.6039558053016663
419,0.5997675061225891
420,0.5945069789886475
421,0.5800321698188782
422,0.5783780217170715
423,0.5642715692520142
424,0.5891817212104797
425,0.582925021648407
426,0.5820451378822327
427,0.586473286151886
428,0.5899783372879028
429,0.5911969542503357
430,0.5814191102981567
431,0.5969537496566772
432,0.5838693976402283
433,0.5815879106521606
434,0.582582950592041
435,0.5999410152435303
436,0.6043474078178406
437,0.5949445962905884
438,0.5728434920310974
439,0.5956463813781738
440,0.5885493755340576
441,0.5896192789077759
442,0.5957784652709961
443,0.5898259282112122
444,0.5540119409561157
445,0.5756603479385376
446,0.5786125659942627
447,0.5933715105056763
448,0.5888890624046326
449,0.6028849482536316
450,0.5917747020721436
451,0.5757794380187988
452,0.5802921652793884
453,0.5726938247680664
454,0.5949282646179199
455,0.5909961462020874
456,0.6154073476791382
457,0.5772709846496582
458,0.570162832736969
459,0.5946618318557739
460,0.5909713506698608
461,0.6084436178207397
462,0.5886228680610657
463,0.5807366371154785
464,0.5980143547058105
465,0.6037383079528809
466,0.6070703268051147
467,0.5978862047195435
468,0.5860464572906494
469,0.5959182381629944
470,0.5952208042144775
471,0.5999776124954224
472,0.588937520980835
473,0.601362407207489
474,0.5927495956420898
475,0.5858831405639648
476,0.5750694274902344
477,0.5824940204620361
478,0.5930181741714478
479,0.5673421621322632
480,0.5868974328041077
481,0.5956652760505676
482,0.6118290424346924
483,0.5773060321807861
484,0.5700339078903198
485,0.5936834216117859
486,0.6184161901473999
487,0.5792510509490967
488,0.5815302133560181
489,0.5941588282585144
490,0.6015149354934692
491,0.5825870633125305
492,0.5698044300079346
493,0.5913867354393005
494,0.6011845469474792
495,0.6036407947540283
496,0.6016148924827576
497,0.5993701815605164
498,0.5679402947425842
499,0.5869941711425781
