0,-0.0813986212015152
1,-0.07974206656217575
2,-0.07698681950569153
3,-0.0683591216802597
4,-0.05111900717020035
5,-0.03243659436702728
6,-0.004342361353337765
7,0.01835063472390175
8,0.06191209331154823
9,0.09988295286893845
10,0.14882074296474457
11,0.1776062250137329
12,0.2085546851158142
13,0.25820308923721313
14,0.28101611137390137
15,0.28918299078941345
16,0.326276570558548
17,0.33181849122047424
18,0.343808114528656
19,0.3776310086250305
20,0.3893086314201355
21,0.4073948562145233
22,0.4170897603034973
23,0.43940168619155884
24,0.4481023848056793
25,0.4592386782169342
26,0.4726417064666748
27,0.4786113202571869
28,0.47884929180145264
29,0.48990193009376526
30,0.4831419885158539
31,0.5012370944023132
32,0.4977806806564331
33,0.5007143616676331
34,0.503930926322937
35,0.5216826796531677
36,0.5032274723052979
37,0.5059607625007629
38,0.5105869770050049
39,0.5034381747245789
40,0.5381219983100891
41,0.532654345035553
42,0.535138726234436
43,0.5218048691749573
44,0.5117444396018982
45,0.5215000510215759
46,0.5069761276245117
47,0.5185043811798096
48,0.5091508030891418
49,0.5335719585418701
50,0.5273303389549255
51,0.5333220362663269
52,0.5426551699638367
53,0.5387765765190125
54,0.5311534404754639
55,0.5445468425750732
56,0.5199854969978333
57,0.5565990805625916
58,0.5340112447738647
59,0.5225731134414673
60,0.5490961670875549
61,0.5410863757133484
62,0.5198326706886292
63,0.5446830987930298
64,0.5294002294540405
65,0.5598382353782654
66,0.5174356698989868
67,0.5483798980712891
68,0.5504512786865234
69,0.5441138744354248
70,0.5428252816200256
71,0.5693753957748413
72,0.5415298938751221
73,0.5432596802711487
74,0.5544437766075134
75,0.5490759015083313
76,0.5691720247268677
77,0.5380977988243103
78,0.5695522427558899
79,0.5702679753303528
80,0.5457170605659485
81,0.5651047229766846
82,0.5472157597541809
83,0.5467780828475952
84,0.5507311820983887
85,0.5405210852622986
86,0.5540403127670288
87,0.5493752360343933
88,0.5658912062644958
89,0.5601157546043396
90,0.5710324645042419
91,0.5762927532196045
92,0.5609763264656067
93,0.5779238939285278
94,0.5806306004524231
95,0.5707134008407593
96,0.551397442817688
97,0.5535545349121094
98,0.5674477219581604
99,0.5858957171440125
100,0.5549982190132141
101,0.5873417854309082
102,0.5698204040527344
103,0.5734179019927979
104,0.561742901802063
105,0.5971248149871826
106,0.6008188724517822
107,0.6010127067565918
108,0.588650107383728
109,0.5868516564369202
110,0.5898815989494324
111,0.6023527383804321
112,0.6057000160217285
113,0.601575493812561
114,0.6202853918075562
115,0.6095645427703857
116,0.6022131443023682
117,0.6128411293029785
118,0.6089675426483154
119,0.6126120686531067
120,0.616238534450531
121,0.5936400294303894
122,0.619583785533905
123,0.603628933429718
124,0.6072391867637634
125,0.6082435846328735
126,0.6082745790481567
127,0.6142286062240601
128,0.6112565994262695
129,0.6100391149520874
130,0.6066374778747559
131,0.6107597351074219
132,0.6090242266654968
133,0.6184472441673279
134,0.6205494403839111
135,0.6119434237480164
136,0.623590350151062
137,0.6100720763206482
138,0.6067279577255249
139,0.6202261447906494
140,0.6319389939308167
141,0.6177955865859985
142,0.6334906220436096
143,0.614127516746521
144,0.6201916337013245
145,0.6126891374588013
146,0.6275678873062134
147,0.6135589480400085
148,0.6328417062759399
149,0.6178252696990967
150,0.6165393590927124
151,0.6080225110054016
152,0.6344901323318481
153,0.6226174831390381
154,0.6228402256965637
155,0.6200732588768005
156,0.6171215772628784
157,0.6226260662078857
158,0.6132549047470093
159,0.6303444504737854
160,0.6166985630989075
161,0.6123655438423157
162,0.6300862431526184
163,0.6087042689323425
164,0.6192054748535156
165,0.6291971206665039
166,0.6236754655838013
167,0.5996718406677246
168,0.629180908203125
169,0.621695339679718
170,0.6141634583473206
171,0.619624674320221
172,0.6192547082901001
173,0.6300030946731567
174,0.6219731569290161
175,0.6099004745483398
176,0.6159034371376038
177,0.6334409713745117
178,0.6175719499588013
179,0.6133421063423157
180,0.6308291554450989
181,0.6121639013290405
182,0.6245063543319702
183,0.6256041526794434
184,0.628795325756073
185,0.6295316219329834
186,0.6240719556808472
187,0.6182742714881897
188,0.6170718669891357
189,0.6273284554481506
190,0.6151447892189026
191,0.6198474168777466
192,0.6347292065620422
193,0.6159460544586182
194,0.622707724571228
195,0.6357297301292419
196,0.6158326268196106
197,0.6089165210723877
198,0.6140841841697693
199,0.6362509727478027
200,0.6326613426208496
201,0.6163073778152466
202,0.6265934705734253
203,0.6085028648376465
204,0.6290906667709351
205,0.6341243982315063
206,0.6335095763206482
207,0.6135477423667908
208,0.6407389640808105
209,0.6093276739120483
210,0.6270971894264221
211,0.636041522026062
212,0.613740086555481
213,0.6226574778556824
214,0.6332651972770691
215,0.6289918422698975
216,0.622807502746582
217,0.6235007047653198
218,0.609053909778595
219,0.6118561029434204
220,0.6256638169288635
221,0.6387216448783875
222,0.6349148750305176
223,0.6007674932479858
224,0.6374937891960144
225,0.6317214369773865
226,0.6092621088027954
227,0.6211184859275818
228,0.6047897338867188
229,0.6322599053382874
230,0.6207698583602905
231,0.6314228773117065
232,0.6186292171478271
233,0.6256142258644104
234,0.6279467940330505
235,0.6383530497550964
236,0.6248071789741516
237,0.6257324814796448
238,0.6336565613746643
239,0.6118820905685425
240,0.6288966536521912
241,0.6338763236999512
242,0.6375916004180908
243,0.6154851317405701
244,0.6258796453475952
245,0.6406218409538269
246,0.6225908398628235
247,0.6266924142837524
248,0.6352922916412354
249,0.6412364840507507
250,0.6399030685424805
251,0.6309758424758911
252,0.6356992125511169
253,0.6376931667327881
254,0.6161600947380066
255,0.6350470185279846
256,0.6259530782699585
257,0.6282687783241272
258,0.61961430311203
259,0.6392876505851746
260,0.6235236525535583
261,0.6375195980072021
262,0.6241490840911865
263,0.6311108469963074
264,0.6364763379096985
265,0.6448707580566406
266,0.6485848426818848
267,0.6206426620483398
268,0.6121693253517151
269,0.6184232234954834
270,0.6322214007377625
271,0.6372630596160889
272,0.627371072769165
273,0.6255208849906921
274,0.6435851454734802
275,0.6450306177139282
276,0.6403872966766357
277,0.6326573491096497
278,0.6501899361610413
279,0.6376638412475586
280,0.6419813632965088
281,0.6337303519248962
282,0.640426516532898
283,0.6612798571586609
284,0.6473726034164429
285,0.6361346244812012
286,0.6171602606773376
287,0.628648579120636
288,0.6275776028633118
289,0.6378779411315918
290,0.6419268250465393
291,0.634834885597229
292,0.651523232460022
293,0.6384602189064026
294,0.631958544254303
295,0.6317625045776367
296,0.6419312357902527
297,0.6254696846008301
298,0.635189950466156
299,0.6419937014579773
300,0.6448408365249634
301,0.6259152889251709
302,0.6385684609413147
303,0.6371473073959351
304,0.6272375583648682
305,0.6470655202865601
306,0.6280921697616577
307,0.6367332935333252
308,0.6127989292144775
309,0.6308807134628296
310,0.6172784566879272
311,0.643775224685669
312,0.6471933722496033
313,0.6299551725387573
314,0.61936354637146
315,0.6506568789482117
316,0.6456875205039978
317,0.6275548338890076
318,0.6192713379859924
319,0.6385613083839417
320,0.6399627327919006
321,0.6343247294425964
322,0.6292735934257507
323,0.6422945857048035
324,0.6395117044448853
325,0.6291093826293945
326,0.6389464735984802
327,0.6366991996765137
328,0.6249333620071411
329,0.6417818665504456
330,0.6467685699462891
331,0.6347610354423523
332,0.616771936416626
333,0.6356677412986755
334,0.6509904265403748
335,0.6502221822738647
336,0.6441574692726135
337,0.630584180355072
338,0.6447312235832214
339,0.6402490139007568
340,0.6357987523078918
341,0.6401335597038269
342,0.6403775811195374
343,0.6253836750984192
344,0.629163384437561
345,0.6472355723381042
346,0.6236196756362915
347,0.6392887830734253
348,0.6202724575996399
349,0.6294981837272644
350,0.6304951906204224
351,0.6308885216712952
352,0.6362545490264893
353,0.6354756951332092
354,0.6316222548484802
355,0.6306605339050293
356,0.634493887424469
357,0.6470998525619507
358,0.6198238730430603
359,0.6265752911567688
360,0.6421078443527222
361,0.6416008472442627
362,0.6322041153907776
363,0.6296161413192749
364,0.6449369192123413
365,0.6508284211158752
366,0.6530793905258179
367,0.6258074641227722
368,0.6410901546478271
369,0.6373637914657593
370,0.6155553460121155
371,0.6380201578140259
372,0.6489806175231934
373,0.646672785282135
374,0.6424171328544617
375,0.6297351121902466
376,0.6261674761772156
377,0.6439395546913147
378,0.625175952911377
379,0.6331112384796143
380,0.6450430154800415
381,0.6360544562339783
382,0.6346774101257324
383,0.6469607949256897
384,0.6324670910835266
385,0.6185568571090698
386,0.6214300990104675
387,0.6384119987487793
388,0.6250411868095398
389,0.6308436393737793
390,0.6432386636734009
391,0.6318515539169312
392,0.6459718942642212
393,0.616105854511261
394,0.6226328611373901
395,0.6467319130897522
396,0.6374451518058777
397,0.6417598724365234
398,0.6372604966163635
399,0.6268792152404785
400,0.6392652988433838
401,0.6422039866447449
402,0.6195014715194702
403,0.647230327129364
404,0.6371143460273743
405,0.6286135911941528
406,0.6324632167816162
407,0.6306869983673096
408,0.627983808517456
409,0.6367172598838806
410,0.6267681121826172
411,0.62929368019104
412,0.6355013847351074
413,0.6294361352920532
414,0.6459059715270996
415,0.6343249678611755
416,0.6444776654243469
417,0.653336226940155
418,0.6351081728935242
419,0.6289480924606323
420,0.6238711476325989
421,0.6380032896995544
422,0.6484827399253845
423,0.6432976722717285
424,0.6479358077049255
425,0.6397855281829834
426,0.648616373538971
427,0.6441249847412109
428,0.6596737504005432
429,0.6302728056907654
430,0.6415812969207764
431,0.6344061493873596
432,0.6486364603042603
433,0.6295221447944641
434,0.6470010280609131
435,0.6437437534332275
436,0.6299147605895996
437,0.6339442133903503
438,0.6433888077735901
439,0.6305007338523865
440,0.6427760124206543
441,0.6313823461532593
442,0.6441030502319336
443,0.656356155872345
444,0.6361238360404968
445,0.6510984897613525
446,0.6456359028816223
447,0.6428117752075195
448,0.6398873329162598
449,0.6328973770141602
450,0.6542541980743408
451,0.6404029726982117
452,0.6569346189498901
453,0.6242055892944336
454,0.66936194896698
455,0.6469783186912537
456,0.6381668448448181
457,0.6520363092422485
458,0.6507737040519714
459,0.6285976767539978
460,0.635084331035614
461,0.6407613754272461
462,0.6337541341781616
463,0.6412742733955383
464,0.6386709809303284
465,0.6387937664985657
466,0.647149920463562
467,0.6337106227874756
468,0.6561247706413269
469,0.6418123245239258
470,0.6426050662994385
471,0.6532794237136841
472,0.6433587670326233
473,0.6383517384529114
474,0.6548177003860474
475,0.648768424987793
476,0.6353591680526733
477,0.6349590420722961
478,0.6533258557319641
479,0.6440234184265137
480,0.64622962474823
481,0.6443006992340088
482,0.6593145132064819
483,0.6418381333351135
484,0.6389113068580627
485,0.6318109035491943
486,0.6352652311325073
487,0.6453393697738647
488,0.6371773481369019
489,0.6280480027198792
490,0.6405871510505676
491,0.625498354434967
492,0.6270214915275574
493,0.6157992482185364
494,0.6562391519546509
495,0.6422847509384155
496,0.6319526433944702
497,0.639729917049408
498,0.6307194828987122
499,0.6274962425231934
