0,-0.0416666679084301
1,-0.03500000014901161
2,-0.036666665226221085
3,-0.029999999329447746
4,-0.014999999664723873
5,-0.011666666716337204
6,-0.0016666667070239782
7,-0.0016666667070239782
8,0.0
9,-0.006666666828095913
10,-0.0016666667070239782
11,-0.0033333334140479565
12,-0.0016666667070239782
13,-0.004999999888241291
14,0.0
15,-0.0016666667070239782
16,-0.0016666667070239782
17,-0.0016666667070239782
18,0.0
19,-0.0033333334140479565
20,0.0
21,-0.0033333334140479565
22,-0.0016666667070239782
23,-0.0033333334140479565
24,-0.0033333334140479565
25,-0.0016666667070239782
26,0.0
27,-0.0016666667070239782
28,-0.0016666667070239782
29,-0.0016666667070239782
30,-0.0033333334140479565
31,-0.0033333334140479565
32,-0.0033333334140479565
33,-0.0033333334140479565
34,-0.0016666667070239782
35,0.0
36,-0.0016666667070239782
37,-0.004999999888241291
38,-0.006666666828095913
39,-0.006666666828095913
40,0.0
41,-0.0033333334140479565
42,-0.0033333334140479565
43,-0.004999999888241291
44,-0.0016666667070239782
45,-0.0016666667070239782
46,0.0
47,0.0
48,-0.0016666667070239782
49,0.0
50,0.0
51,-0.0016666667070239782
52,0.0
53,-0.0016666667070239782
54,-0.0016666667070239782
55,-0.0016666667070239782
56,0.0
57,0.0
58,-0.0016666667070239782
59,0.0
60,-0.0016666667070239782
61,0.0
62,-0.0033333334140479565
63,-0.0016666667070239782
64,0.0
65,-0.006666666828095913
66,0.0
67,-0.0016666667070239782
68,0.0
69,0.0
70,-0.0033333334140479565
71,-0.0016666667070239782
72,-0.0016666667070239782
73,-0.0016666667070239782
74,-0.0016666667070239782
75,-0.0033333334140479565
76,-0.0033333334140479565
77,-0.006666666828095913
78,-0.0016666667070239782
79,0.0
80,0.0
81,-0.006666666828095913
82,0.0
83,0.0
84,0.0
85,0.0
86,0.0
87,-0.0033333334140479565
88,-0.0016666667070239782
89,0.0
90,-0.0016666667070239782
91,-0.0016666667070239782
92,-0.0016666667070239782
93,-0.0016666667070239782
94,-0.0016666667070239782
95,0.0
96,-0.0016666667070239782
97,-0.0016666667070239782
98,-0.0016666667070239782
99,0.0
100,0.0
101,0.0
102,0.0
103,0.0
104,0.0
105,-0.0033333334140479565
106,-0.0016666667070239782
107,-0.0016666667070239782
108,-0.0016666667070239782
109,-0.0016666667070239782
110,0.0
111,-0.0033333334140479565
112,0.0
113,-0.0033333334140479565
114,-0.0033333334140479565
115,0.0
116,0.0
117,-0.0016666667070239782
118,-0.0033333334140479565
119,-0.004999999888241291
120,-0.008333333767950535
121,-0.008333333767950535
122,-0.011666666716337204
123,-0.004999999888241291
124,-0.0033333334140479565
125,-0.0016666667070239782
126,0.0
127,0.0
128,0.0
129,0.0
130,0.0
131,0.0
132,-0.0016666667070239782
133,0.0
134,0.0
135,0.0
136,0.0
137,0.0
138,-0.009999999776482582
139,-0.0016666667070239782
140,-0.004999999888241291
141,0.0
142,0.0
143,0.0
144,0.0
145,0.0
146,0.0
147,0.0
148,0.0
149,0.0
150,-0.0016666667070239782
151,-0.0016666667070239782
152,-0.0016666667070239782
153,-0.009999999776482582
154,-0.008333333767950535
155,-0.0033333334140479565
156,-0.0016666667070239782
157,0.0
158,0.0
159,0.0
160,0.0
161,0.0
162,0.0
163,0.0
164,0.0
165,0.0
166,0.0
167,-0.0016666667070239782
168,0.0
169,-0.0016666667070239782
170,-0.0016666667070239782
171,0.0
172,0.0
173,0.0
174,-0.0016666667070239782
175,0.0
176,0.0
177,-0.0016666667070239782
178,0.0
179,-0.0016666667070239782
180,-0.004999999888241291
181,0.0
182,0.0
183,0.0
184,0.0
185,0.0
186,-0.0016666667070239782
187,0.0
188,0.0
189,0.0
190,0.0
191,0.0
192,0.0
193,0.0
194,0.0
195,0.0
196,-0.0016666667070239782
197,0.0
198,0.0
199,0.0
200,0.0
201,0.0
202,0.0
203,0.0
204,-0.004999999888241291
205,0.0
206,0.0
207,0.0
208,-0.0016666667070239782
209,-0.0016666667070239782
210,0.0
211,-0.004999999888241291
212,-0.0033333334140479565
213,0.0
214,0.0
215,-0.0016666667070239782
216,0.0
217,0.0
218,-0.0016666667070239782
219,-0.0016666667070239782
220,0.0
221,0.0
222,-0.0016666667070239782
223,0.0
224,-0.0016666667070239782
225,0.0
226,0.0
227,0.0
228,-0.004999999888241291
229,-0.0033333334140479565
230,-0.0033333334140479565
231,0.0
232,-0.0016666667070239782
233,-0.0016666667070239782
234,0.0
235,0.0
236,0.0
237,0.0
238,0.0
239,-0.0016666667070239782
240,0.0
241,-0.0033333334140479565
242,0.0
243,-0.0033333334140479565
244,0.0
245,0.0
246,0.0
247,0.0
248,0.0
249,-0.006666666828095913
250,-0.0016666667070239782
251,-0.0016666667070239782
252,-0.0033333334140479565
253,-0.0016666667070239782
254,-0.0016666667070239782
255,-0.0016666667070239782
256,-0.0033333334140479565
257,-0.0016666667070239782
258,0.0
259,-0.0016666667070239782
260,0.0
261,0.0
262,-0.0033333334140479565
263,-0.004999999888241291
264,-0.0033333334140479565
265,-0.0033333334140479565
266,-0.0033333334140479565
267,-0.004999999888241291
268,-0.0033333334140479565
269,-0.011666666716337204
270,-0.006666666828095913
271,-0.0033333334140479565
272,-0.0033333334140479565
273,-0.0016666667070239782
274,-0.0033333334140479565
275,-0.0016666667070239782
276,0.0
277,0.0
278,-0.0033333334140479565
279,0.0
280,0.0
281,0.0
282,-0.0016666667070239782
283,0.0
284,0.0
285,0.0
286,0.0
287,0.0
288,0.0
289,0.0
290,0.0
291,0.0
292,0.0
293,0.0
294,0.0
295,0.0
296,-0.0016666667070239782
297,0.0
298,0.0
299,0.0
300,0.0
301,0.0
302,0.0
303,0.0
304,-0.0016666667070239782
305,-0.0016666667070239782
306,0.0
307,-0.0016666667070239782
308,-0.0033333334140479565
309,-0.0016666667070239782
310,0.0
311,0.0
312,0.0
313,0.0
314,-0.0016666667070239782
315,-0.0016666667070239782
316,-0.0016666667070239782
317,0.0
318,-0.0016666667070239782
319,0.0
320,0.0
321,0.0
322,0.0
323,0.0
324,0.0
325,0.0
326,-0.0016666667070239782
327,-0.004999999888241291
328,0.0
329,-0.0016666667070239782
330,-0.0033333334140479565
331,0.0
332,-0.0033333334140479565
333,0.0
334,-0.004999999888241291
335,-0.0016666667070239782
336,-0.0033333334140479565
337,0.0
338,0.0
339,-0.0016666667070239782
340,-0.004999999888241291
341,-0.004999999888241291
342,0.0
343,0.0
344,-0.0016666667070239782
345,-0.0016666667070239782
346,-0.0016666667070239782
347,0.0
348,-0.0016666667070239782
349,-0.0016666667070239782
350,-0.0016666667070239782
351,-0.0016666667070239782
352,0.0
353,0.0
354,0.0
355,0.0
356,0.0
357,-0.0033333334140479565
358,0.0
359,0.0
360,-0.0016666667070239782
361,0.0
362,-0.0033333334140479565
363,0.0
364,0.0
365,0.0
366,0.0
367,-0.0033333334140479565
368,0.0
369,0.0
370,0.0
371,0.0
372,0.0
373,0.0
374,-0.0016666667070239782
375,-0.0016666667070239782
376,-0.004999999888241291
377,-0.0033333334140479565
378,-0.0016666667070239782
379,0.0
380,0.0
381,0.0
382,0.0
383,0.0
384,0.0
385,0.0
386,0.0
387,0.0
388,0.0
389,-0.0016666667070239782
390,0.0
391,-0.0016666667070239782
392,0.0
393,-0.0016666667070239782
394,-0.0016666667070239782
395,0.0
396,0.0
397,0.0
398,0.0
399,0.0
400,0.0
401,0.0
402,0.0
403,0.0
404,0.0
405,0.0
406,0.0
407,0.0
408,0.0
409,0.0
410,0.0
411,-0.0016666667070239782
412,0.0
413,-0.0016666667070239782
414,0.0
415,0.0
416,0.0
417,0.0
418,0.0
419,0.0
420,0.0
421,0.0
422,0.0
423,-0.0033333334140479565
424,0.0
425,-0.0016666667070239782
426,0.0
427,-0.0016666667070239782
428,0.0
429,0.0
430,0.0
431,0.0
432,0.0
433,0.0
434,0.0
435,0.0
436,-0.0016666667070239782
437,0.0
438,-0.0016666667070239782
439,-0.0016666667070239782
440,-0.006666666828095913
441,-0.0016666667070239782
442,0.0
443,-0.0016666667070239782
444,0.0
445,0.0
446,-0.0016666667070239782
447,0.0
448,-0.0016666667070239782
449,-0.0033333334140479565
450,-0.0016666667070239782
451,-0.0016666667070239782
452,-0.004999999888241291
453,0.0
454,-0.0016666667070239782
455,-0.0016666667070239782
456,0.0
457,-0.0016666667070239782
458,-0.0033333334140479565
459,0.0
460,-0.0033333334140479565
461,-0.0016666667070239782
462,-0.0016666667070239782
463,0.0
464,-0.004999999888241291
465,-0.0016666667070239782
466,-0.0016666667070239782
467,-0.0016666667070239782
468,0.0
469,-0.0016666667070239782
470,-0.0016666667070239782
471,-0.0016666667070239782
472,-0.0016666667070239782
473,-0.0016666667070239782
474,-0.0033333334140479565
475,-0.0016666667070239782
476,0.0
477,0.0
478,-0.0016666667070239782
479,-0.0033333334140479565
480,-0.0016666667070239782
481,-0.0016666667070239782
482,-0.0016666667070239782
483,-0.0016666667070239782
484,-0.0016666667070239782
485,0.0
486,-0.0016666667070239782
487,-0.0033333334140479565
488,0.0
489,-0.0016666667070239782
490,0.0
491,-0.0016666667070239782
492,-0.0016666667070239782
493,0.0
494,0.0
495,-0.004999999888241291
496,0.0
497,-0.0033333334140479565
498,-0.0033333334140479565
499,-0.006666666828095913
