0,-0.6276573538780212
1,-0.4218895137310028
2,-0.0994851216673851
3,0.2415623664855957
4,0.27260303497314453
5,0.6156861782073975
6,0.7390757203102112
7,0.7470678687095642
8,0.7667538523674011
9,0.8233121037483215
10,0.9061464071273804
11,0.9048798084259033
12,0.9053862690925598
13,0.9749426245689392
14,0.8664378523826599
15,0.8992739319801331
16,0.908921480178833
17,0.9798518419265747
18,0.9254035949707031
19,0.9496670365333557
20,0.9345516562461853
21,0.9018841981887817
22,0.9129593372344971
23,0.9198688268661499
24,0.9556599855422974
25,0.911153256893158
26,0.9463710188865662
27,0.9336662888526917
28,1.0191683769226074
29,0.9537649154663086
30,0.9414806962013245
31,0.9692103862762451
32,0.9745275378227234
33,0.9339235424995422
34,0.9687296748161316
35,0.9618765115737915
36,0.9682562351226807
37,0.9228323698043823
38,0.9865529537200928
39,0.9516125917434692
40,0.9366878271102905
41,0.9620074033737183
42,0.9151381254196167
43,0.966127872467041
44,0.9608855843544006
45,0.9919204115867615
46,0.9637987613677979
47,1.0140273571014404
48,0.8987124562263489
49,0.9922245144844055
50,1.007326364517212
51,0.9318644404411316
52,0.946928083896637
53,0.9796518087387085
54,0.9180075526237488
55,0.9823851585388184
56,0.9981744885444641
57,0.9288490414619446
58,0.9856006503105164
59,0.973459005355835
60,0.9366355538368225
61,0.9389551281929016
62,0.9155722260475159
63,0.9598479270935059
64,0.9455386996269226
65,0.949276864528656
66,0.9661802053451538
67,0.9653941988945007
68,1.0075924396514893
69,0.9580750465393066
70,0.9529656767845154
71,1.032570719718933
72,1.0128347873687744
73,0.9684366583824158
74,0.9621542692184448
75,0.9660764932632446
76,0.9937804937362671
77,0.9522051811218262
78,0.9713300466537476
79,0.9449053406715393
80,0.9598044157028198
81,1.0031317472457886
82,1.01600182056427
83,0.9832857847213745
84,1.0109014511108398
85,0.9676421880722046
86,1.0039951801300049
87,0.9375870227813721
88,0.9852381944656372
89,0.9946212768554688
90,1.0083380937576294
91,1.0296783447265625
92,1.036087989807129
93,1.0312920808792114
94,1.0420047044754028
95,1.0072499513626099
96,1.0035252571105957
97,1.0505847930908203
98,1.000647783279419
99,1.004691243171692
100,1.0017483234405518
101,1.0350209474563599
102,1.0091890096664429
103,0.9724123477935791
104,1.004166603088379
105,1.013736605644226
106,1.0101075172424316
107,0.9903966784477234
108,1.0403105020523071
109,1.0345913171768188
110,1.0358747243881226
111,0.983022153377533
112,0.9984204769134521
113,0.9815608859062195
114,1.0139503479003906
115,0.9868682026863098
116,1.0161278247833252
117,1.044913649559021
118,1.02165949344635
119,0.9947016835212708
120,1.0369230508804321
121,0.9882798790931702
122,1.0114270448684692
123,1.0580514669418335
124,1.0161263942718506
125,1.0165201425552368
126,1.007496953010559
127,1.018353819847107
128,1.0010720491409302
129,1.056312084197998
130,1.0299584865570068
131,1.033690094947815
132,1.0033233165740967
133,1.0068998336791992
134,1.054998517036438
135,1.0363668203353882
136,0.9935139417648315
137,1.039702296257019
138,0.9901811480522156
139,0.9962722659111023
140,0.9677357077598572
141,1.0275945663452148
142,1.0192714929580688
143,1.044037938117981
144,1.0304019451141357
145,1.0369540452957153
146,0.9695780277252197
147,0.9897222518920898
148,1.0047730207443237
149,1.0392776727676392
150,1.0228071212768555
151,1.0300781726837158
152,0.9882632493972778
153,1.0326884984970093
154,1.0306992530822754
155,0.9923222064971924
156,0.9910831451416016
157,1.0241731405258179
158,0.9802190661430359
159,1.032837152481079
160,1.020061731338501
161,0.9718042016029358
162,1.0015172958374023
163,1.0328795909881592
164,1.0163697004318237
165,0.9698546528816223
166,1.0760178565979004
167,1.0139455795288086
168,1.0516357421875
169,1.0268911123275757
170,0.9599002599716187
171,1.050587773323059
172,1.0130126476287842
173,0.9873268604278564
174,1.0104403495788574
175,1.0424553155899048
176,1.0259151458740234
177,1.011385440826416
178,1.0346378087997437
179,1.0079171657562256
180,0.9730575680732727
181,1.0183185338974
182,1.0025174617767334
183,1.0177884101867676
184,1.0263696908950806
185,1.0418390035629272
186,0.961634635925293
187,0.9839092493057251
188,1.0295697450637817
189,1.0125898122787476
190,1.0039827823638916
191,0.9956951141357422
192,1.0449762344360352
193,1.0238217115402222
194,1.046384572982788
195,1.0693825483322144
196,1.0124410390853882
197,1.005584478378296
198,1.0338342189788818
199,1.0161093473434448
200,1.0161664485931396
201,1.0234906673431396
202,0.9494227766990662
203,1.0106538534164429
204,0.9937084317207336
205,1.0200775861740112
206,1.0427979230880737
207,0.9855727553367615
208,1.0375852584838867
209,1.041813611984253
210,1.0213690996170044
211,1.0354249477386475
212,1.041036605834961
213,1.0287834405899048
214,0.9906802773475647
215,1.053322434425354
216,1.0348695516586304
217,0.9883983731269836
218,1.0102508068084717
219,0.9937293529510498
220,1.0280685424804688
221,1.0062552690505981
222,1.0535730123519897
223,1.0029853582382202
224,1.0355361700057983
225,1.0187089443206787
226,1.0536431074142456
227,1.0508577823638916
228,0.9996775984764099
229,1.0037776231765747
230,1.0387272834777832
231,1.0563877820968628
232,1.0504263639450073
233,1.028274416923523
234,1.0381391048431396
235,1.0313615798950195
236,0.9751733541488647
237,0.9608176350593567
238,1.0045437812805176
239,1.0424340963363647
240,0.9843438863754272
241,1.0110620260238647
242,1.0540250539779663
243,1.0038716793060303
244,1.010765552520752
245,1.0164854526519775
246,1.066299319267273
247,1.0045746564865112
248,1.052198886871338
249,1.0389904975891113
250,0.9848678112030029
251,1.0011441707611084
252,1.012812614440918
253,0.9856345057487488
254,1.0333443880081177
255,1.018471121788025
256,1.0366551876068115
257,0.98689204454422
258,1.0461595058441162
259,1.017240285873413
260,1.003710150718689
261,1.003131628036499
262,0.9929203391075134
263,1.002320408821106
264,1.0333369970321655
265,1.0314249992370605
266,1.0639259815216064
267,1.0370686054229736
268,0.9975957274436951
269,1.0591388940811157
270,0.9987735748291016
271,1.0043622255325317
272,1.0442297458648682
273,1.0448335409164429
274,1.0290653705596924
275,1.00979745388031
276,0.9983451962471008
277,1.0776968002319336
278,1.0030850172042847
279,0.9874797463417053
280,0.9991070628166199
281,1.0150878429412842
282,1.0563621520996094
283,0.9909159541130066
284,1.057015061378479
285,1.0363035202026367
286,1.018252968788147
287,1.0273751020431519
288,1.0269767045974731
289,1.0099091529846191
290,1.0548653602600098
291,1.0133647918701172
292,1.0052601099014282
293,1.0533349514007568
294,1.0046637058258057
295,0.9765428304672241
296,1.0525275468826294
297,1.0115509033203125
298,1.03362238407135
299,1.0406643152236938
300,1.032448410987854
301,1.013779878616333
302,0.9922293424606323
303,1.0575501918792725
304,1.0031542778015137
305,1.0392361879348755
306,1.0047991275787354
307,1.0568041801452637
308,1.0447458028793335
309,0.98546302318573
310,1.0893473625183105
311,1.0592244863510132
312,1.0220476388931274
313,1.0332725048065186
314,1.0249934196472168
315,1.0195547342300415
316,1.0160894393920898
317,0.9894939064979553
318,1.038299798965454
319,1.0173701047897339
320,1.0705852508544922
321,1.0037511587142944
322,1.0501724481582642
323,1.026441216468811
324,1.0209070444107056
325,1.019651174545288
326,1.025123953819275
327,1.0070520639419556
328,1.0346348285675049
329,1.0102418661117554
330,1.0202692747116089
331,1.043698787689209
332,1.059776782989502
333,1.0204828977584839
334,1.0211502313613892
335,1.018701195716858
336,1.0358134508132935
337,1.0019714832305908
338,1.0416406393051147
339,1.0608408451080322
340,1.0478932857513428
341,1.0021250247955322
342,1.069602608680725
343,1.0491697788238525
344,1.0472410917282104
345,1.0213161706924438
346,1.0184353590011597
347,1.0120453834533691
348,1.0869855880737305
349,1.0493278503417969
350,1.0263686180114746
351,1.0178309679031372
352,1.023828387260437
353,1.0504018068313599
354,1.0340900421142578
355,1.0198204517364502
356,0.9945909380912781
357,1.0391740798950195
358,1.0614614486694336
359,1.0368283987045288
360,1.072474479675293
361,1.0535246133804321
362,1.0344346761703491
363,1.0223761796951294
364,1.0627225637435913
365,1.031212568283081
366,1.0571422576904297
367,1.041614294052124
368,1.024990200996399
369,1.0586023330688477
370,1.0274521112442017
371,1.038338541984558
372,1.039122462272644
373,1.0537407398223877
374,1.0653033256530762
375,1.0134801864624023
376,1.0128260850906372
377,1.0609779357910156
378,0.9961457252502441
379,1.0556855201721191
380,1.0075229406356812
381,1.0208327770233154
382,1.0319435596466064
383,0.9908624291419983
384,1.0063685178756714
385,1.0196973085403442
386,1.02145254611969
387,1.0541417598724365
388,1.059746265411377
389,1.0431485176086426
390,1.0374696254730225
391,1.020917296409607
392,1.0660521984100342
393,1.0280117988586426
394,1.0540403127670288
395,0.9890668392181396
396,1.0406562089920044
397,1.0337742567062378
398,1.0225911140441895
399,1.0186337232589722
400,1.0187193155288696
401,1.0598053932189941
402,1.053818941116333
403,1.0520704984664917
404,1.0152076482772827
405,1.0531867742538452
406,1.0750961303710938
407,1.0633206367492676
408,1.0089846849441528
409,1.055876612663269
410,1.0189855098724365
411,1.03396475315094
412,1.0611116886138916
413,1.0423634052276611
414,1.043444275856018
415,1.0270329713821411
416,1.0567717552185059
417,1.0619237422943115
418,1.0026556253433228
419,0.9914197325706482
420,1.025970697402954
421,1.039044976234436
422,1.0273665189743042
423,1.013321876525879
424,0.9931548237800598
425,1.046080470085144
426,0.9854142069816589
427,1.0211334228515625
428,1.0356683731079102
429,1.0255706310272217
430,1.0218852758407593
431,1.046333909034729
432,1.049485206604004
433,1.0479646921157837
434,1.0282154083251953
435,1.0433286428451538
436,1.0236068964004517
437,1.0391441583633423
438,1.0402911901474
439,1.0631283521652222
440,1.0183277130126953
441,1.0145901441574097
442,1.0580456256866455
443,1.0359392166137695
444,1.0034939050674438
445,1.0345827341079712
446,1.0563310384750366
447,1.0492185354232788
448,1.065773367881775
449,1.0218720436096191
450,1.0516843795776367
451,1.0288773775100708
452,1.0227099657058716
453,1.0314416885375977
454,1.0327990055084229
455,1.030984878540039
456,1.0564601421356201
457,1.0501296520233154
458,1.0501160621643066
459,1.0324724912643433
460,1.0452499389648438
461,1.042270302772522
462,1.045081377029419
463,1.0554851293563843
464,1.0153303146362305
465,1.0419801473617554
466,1.0162137746810913
467,1.0298818349838257
468,1.013640284538269
469,1.0141596794128418
470,1.0371599197387695
471,1.0192136764526367
472,1.008618950843811
473,1.0803900957107544
474,1.0626740455627441
475,1.000422716140747
476,1.0600109100341797
477,1.0404748916625977
478,1.014748215675354
479,1.049212098121643
480,1.038513422012329
481,1.0252496004104614
482,1.048296570777893
483,1.0206573009490967
484,1.0331072807312012
485,1.065891981124878
486,1.0669968128204346
487,1.0351954698562622
488,1.0508816242218018
489,1.0472424030303955
490,1.0169237852096558
491,1.021959900856018
492,1.0772234201431274
493,1.0637528896331787
494,1.0496196746826172
495,1.0439960956573486
496,1.0425527095794678
497,1.0554710626602173
498,1.0291239023208618
499,1.02554452419281
