0,0.08441346138715744
1,-0.023164214566349983
2,0.12623971700668335
3,0.22503647208213806
4,0.35257819294929504
5,0.023465268313884735
6,0.36298617720603943
7,0.26431864500045776
8,0.36289867758750916
9,0.6608717441558838
10,0.6490536332130432
11,0.4151886999607086
12,0.6056269407272339
13,0.4253014922142029
14,0.6210330724716187
15,0.49407583475112915
16,0.6402060985565186
17,0.8271414041519165
18,0.7187786102294922
19,0.31599563360214233
20,0.5499249696731567
21,0.42334651947021484
22,0.1422542780637741
23,0.39253804087638855
24,0.23059697449207306
25,0.09646231681108475
26,0.1291472315788269
27,0.31280630826950073
28,0.324335515499115
29,0.24649302661418915
30,0.20424607396125793
31,0.29921960830688477
32,0.23010903596878052
33,0.01728716306388378
34,-0.0021148519590497017
35,0.010214519686996937
36,0.04050137475132942
37,0.05223676934838295
38,-0.0020270387176424265
39,0.08775177597999573
40,0.1750078946352005
41,0.12319190055131912
42,0.019133558496832848
43,0.14578686654567719
44,0.008281074464321136
45,0.03015640191733837
46,0.08968707174062729
47,0.04351083189249039
48,0.014678719453513622
49,0.02642226032912731
50,-0.003618129761889577
51,0.09227174520492554
52,0.006711598485708237
53,-0.006983987521380186
54,-0.04279675707221031
55,0.0425080768764019
56,-0.06315300613641739
57,0.058274365961551666
58,-0.001487160101532936
59,0.0479762926697731
60,0.04072241485118866
61,0.02071518264710903
62,0.02945823036134243
63,0.0022155288606882095
64,0.007303499151021242
65,0.026896286755800247
66,0.026853127405047417
67,-0.04591195285320282
68,0.005966551601886749
69,0.005985419265925884
70,-0.031198281794786453
71,-0.009585740976035595
72,-0.010474289767444134
73,-0.022380603477358818
74,0.0027499720454216003
75,-0.014263403601944447
76,-0.015310653485357761
77,-0.0014351722784340382
78,-0.006509292405098677
79,0.01111214142292738
80,-0.023854216560721397
81,-0.003956216387450695
82,-0.004601151216775179
83,-0.005599672440439463
84,-0.00573364645242691
85,0.004699579440057278
86,-0.011685800738632679
87,-0.005843207705765963
88,-0.018794288858771324
89,-0.00423619756475091
90,0.0039307172410190105
91,-0.023459959775209427
92,0.056627824902534485
93,-0.0010477298637852073
94,0.03849373385310173
95,0.006633899174630642
96,0.24742896854877472
97,0.17779414355754852
98,-0.07286354899406433
99,0.5333608388900757
100,-0.07673263549804688
101,0.05265531688928604
102,0.014175361953675747
103,0.016797220334410667
104,0.02281128615140915
105,-0.009478935040533543
106,-0.03006621263921261
107,-0.0033733590971678495
108,-0.01469571515917778
109,0.15499363839626312
110,-0.038042958825826645
111,0.018494458869099617
112,0.19063013792037964
113,0.022311385720968246
114,0.8117794394493103
115,0.03053966723382473
116,0.08591669052839279
117,0.34521356225013733
118,0.05132611095905304
119,0.05665048211812973
120,0.1104249656200409
121,0.16908764839172363
122,0.20420411229133606
123,0.4636620581150055
124,0.9410707354545593
125,0.2379797101020813
126,0.6978509426116943
127,0.7529229521751404
128,0.40609315037727356
129,0.7141991853713989
130,0.510466992855072
131,0.9908460974693298
132,0.9845920205116272
133,0.9922544360160828
134,0.4930068552494049
135,0.8782241940498352
136,0.26497116684913635
137,0.17145587503910065
138,0.32137197256088257
139,0.8822093605995178
140,0.3814500570297241
141,0.8719578981399536
142,0.8408588171005249
143,0.971968948841095
144,0.924993097782135
145,0.9791311621665955
146,0.9306531548500061
147,0.9905591011047363
148,0.6485902667045593
149,0.9717214107513428
150,0.9753506183624268
151,0.5401948690414429
152,0.9733546376228333
153,0.9577270150184631
154,0.9690004587173462
155,0.4757881760597229
156,0.9086425304412842
157,0.9713994860649109
158,0.9642654657363892
159,0.8740824460983276
160,0.8231801390647888
161,0.9674148559570312
162,0.9765891432762146
163,0.37729203701019287
164,-0.04128081724047661
165,0.994992196559906
166,0.8105317950248718
167,0.982403576374054
168,0.36472687125205994
169,0.40306591987609863
170,0.8816179037094116
171,0.9869982004165649
172,0.37216874957084656
173,0.9792700409889221
174,0.6526501774787903
175,0.3201839327812195
176,0.2599508464336395
177,0.6486518979072571
178,0.5999231934547424
179,0.9103878736495972
180,0.8438218832015991
181,0.544599175453186
182,0.2063557505607605
183,0.9471383094787598
184,0.6397309899330139
185,0.9720160961151123
186,0.975415050983429
187,0.9701811075210571
188,0.4399943947792053
189,0.288051575422287
190,0.6080381274223328
191,0.6941859722137451
192,0.8091493844985962
193,0.9687401056289673
194,0.5348827242851257
195,0.8521410226821899
196,0.9240503311157227
197,0.9233247637748718
198,0.9732969999313354
199,0.7420938611030579
200,0.7631886005401611
201,0.9141565561294556
202,0.8354381322860718
203,0.8870434165000916
204,0.7321922183036804
205,0.4878733456134796
206,0.6375612020492554
207,0.9505102038383484
208,0.5587854385375977
209,0.6463803648948669
210,0.8132815957069397
211,0.8006278276443481
212,0.8589015007019043
213,0.9796551465988159
214,0.8052343130111694
215,0.13991597294807434
216,0.44563519954681396
217,0.3192562460899353
218,0.18296952545642853
219,0.6482733488082886
220,0.4780385494232178
221,0.34158194065093994
222,0.17217004299163818
223,0.3951587677001953
224,-0.11230388283729553
225,0.2913040220737457
226,0.06387282907962799
227,0.6464751362800598
228,0.5583419799804688
229,0.36200347542762756
230,0.5087658166885376
231,0.7751641273498535
232,0.5328112840652466
233,0.4535517394542694
234,0.3507641851902008
235,0.7859961986541748
236,0.4539087116718292
237,0.057186465710401535
238,0.1585489809513092
239,0.6587527990341187
240,0.5171578526496887
241,0.3947586119174957
242,0.7207579016685486
243,0.19915826618671417
244,0.45150572061538696
245,0.39106759428977966
246,0.07826109975576401
247,0.025449508801102638
248,0.4912056624889374
249,0.11632484942674637
250,0.15527650713920593
251,0.6712329387664795
252,0.6103105545043945
253,0.5251950621604919
254,0.4084321856498718
255,0.7898699641227722
256,-0.00849465373903513
257,0.16681332886219025
258,0.8553131222724915
259,0.3844873309135437
260,0.4872882664203644
261,0.8102695941925049
262,0.313925564289093
263,0.7453970909118652
264,0.49953755736351013
265,0.25642216205596924
266,0.92227703332901
267,0.9671059846878052
268,0.8079177141189575
269,0.6079802513122559
270,0.6815101504325867
271,0.011754806153476238
272,0.799826979637146
273,0.9320480823516846
274,0.7523409128189087
275,0.11399180442094803
276,0.1331436187028885
277,0.8759206533432007
278,0.448566734790802
279,0.7433112263679504
280,0.27793198823928833
281,0.028457224369049072
282,0.6686782836914062
283,0.8807742595672607
284,0.47262075543403625
285,0.709683895111084
286,0.2501455843448639
287,0.7839531898498535
288,0.6855270266532898
289,0.108054980635643
290,0.2893742620944977
291,0.35574766993522644
292,0.6106078624725342
293,0.43835580348968506
294,0.23266629874706268
295,0.48379090428352356
296,0.7017403841018677
297,0.4647458493709564
298,0.7623813152313232
299,0.17388185858726501
300,0.40753552317619324
301,0.4330498278141022
302,0.5434298515319824
303,0.5434567928314209
304,0.4163614511489868
305,0.3025103211402893
306,0.432880163192749
307,0.22758246958255768
308,0.5295581817626953
309,0.6277475953102112
310,0.6890023946762085
311,0.23202192783355713
312,0.5954669713973999
313,0.6751240491867065
314,0.7599518299102783
315,0.5420034527778625
316,0.11561351269483566
317,0.5067746043205261
318,0.8830750584602356
319,0.838110625743866
320,0.49543270468711853
321,0.7460849285125732
322,0.7657045125961304
323,0.7903320789337158
324,0.5520293712615967
325,0.7119642496109009
326,0.9277075529098511
327,0.3167068660259247
328,-0.08165071159601212
329,0.31135064363479614
330,0.9719446897506714
331,0.8643176555633545
332,0.6234925389289856
333,0.8488287329673767
334,0.5018966794013977
335,0.46646755933761597
336,0.716327428817749
337,0.6937642693519592
338,0.7348763346672058
339,0.8315808176994324
340,0.6508567333221436
341,0.18731465935707092
342,0.5560065507888794
343,0.850537121295929
344,0.08410985767841339
345,0.5272195935249329
346,0.8784292936325073
347,0.8144643306732178
348,0.8900513052940369
349,0.5252965092658997
350,0.6236543655395508
351,0.5375463962554932
352,0.9611821174621582
353,0.8135144114494324
354,0.45576146245002747
355,0.35742565989494324
356,0.8808566927909851
357,0.29451093077659607
358,0.7841829061508179
359,0.9915387034416199
360,0.31215599179267883
361,0.7059848308563232
362,0.5667822360992432
363,0.9121906757354736
364,0.9876126050949097
365,0.9075546264648438
366,0.9274548292160034
367,0.7348253130912781
368,0.8554087281227112
369,0.41667672991752625
370,0.5645738244056702
371,0.6415651440620422
372,0.8722473978996277
373,0.4981034994125366
374,0.7493422627449036
375,0.5635712146759033
376,0.3529505431652069
377,0.7095536589622498
378,0.8629527688026428
379,0.48485562205314636
380,0.2331288903951645
381,0.9491889476776123
382,0.8379301428794861
383,0.8923486471176147
384,0.8627385497093201
385,0.7436416149139404
386,0.9573349952697754
387,0.9550085663795471
388,0.9910212159156799
389,0.8865717053413391
390,0.9780519604682922
391,0.9858301281929016
392,0.2841011881828308
393,0.9621031284332275
394,0.5191991329193115
395,0.8118817806243896
396,0.35480019450187683
397,0.6088535189628601
398,0.7833366394042969
399,0.3774116635322571
400,0.9454377889633179
401,0.9003309607505798
402,0.6138477325439453
403,0.26901334524154663
404,0.47551557421684265
405,0.7292448282241821
406,0.9815321564674377
407,0.7615301609039307
408,0.787174642086029
409,0.6873580813407898
410,0.8722888827323914
411,0.8951417803764343
412,0.929142415523529
413,0.9113723039627075
414,0.7353361248970032
415,0.6603775024414062
416,0.9580565690994263
417,0.9676310420036316
418,0.5397112965583801
419,0.9550378918647766
420,0.8174310922622681
421,0.9429933428764343
422,0.9178836345672607
423,0.9158646464347839
424,0.8526113033294678
425,0.9825202226638794
426,0.867782711982727
427,0.6643111705780029
428,0.7815448641777039
429,0.9957473278045654
430,0.4165410101413727
431,0.5476594567298889
432,0.41478556394577026
433,0.9841370582580566
434,0.7274848222732544
435,0.9775088429450989
436,0.9711381793022156
437,0.945569634437561
438,0.9797102212905884
439,0.8471179604530334
440,0.9830450415611267
441,0.8324594497680664
442,0.6561648845672607
443,0.969914972782135
444,0.9276745319366455
445,0.9296860098838806
446,0.9206052422523499
447,0.931441605091095
448,0.7863339185714722
449,0.8735190629959106
450,0.9623257517814636
451,0.859046459197998
452,0.6189689040184021
453,0.8529378175735474
454,0.9145702719688416
455,0.9381426572799683
456,0.9667026400566101
457,0.5791481733322144
458,0.7127978801727295
459,0.8644118905067444
460,0.9782670736312866
461,0.7514280080795288
462,0.8017417192459106
463,0.891686201095581
464,0.8823310136795044
465,0.7730212211608887
466,0.7437631487846375
467,0.864028811454773
468,0.5432542562484741
469,0.5221256613731384
470,0.8061205148696899
471,0.9348779916763306
472,0.7282751202583313
473,0.9898564219474792
474,0.9088243246078491
475,0.9214838743209839
476,0.975844144821167
477,0.9504005908966064
478,0.7610563635826111
479,0.9001668691635132
480,0.8770459890365601
481,0.9472156167030334
482,0.9801569581031799
483,0.9680753946304321
484,0.8813895583152771
485,0.9846000075340271
486,0.8150399327278137
487,0.7336810231208801
488,0.8672863841056824
489,0.9348233938217163
490,0.8673316240310669
491,0.9519715309143066
492,0.8350489735603333
493,0.9958574175834656
494,0.9905080199241638
495,0.918917179107666
496,0.9944536089897156
497,0.9292141795158386
498,0.9559507966041565
499,0.8110256791114807
