0,-7.065780162811279
1,-3.982785701751709
2,-3.760063409805298
3,-2.9918839931488037
4,-0.49809136986732483
5,-0.751264214515686
6,2.089111566543579
7,3.835136651992798
8,7.432382106781006
9,11.276223182678223
10,15.214851379394531
11,20.786293029785156
12,23.210737228393555
13,24.7725887298584
14,29.832626342773438
15,29.724288940429688
16,34.2890510559082
17,35.718994140625
18,36.864566802978516
19,38.420997619628906
20,42.33770751953125
21,42.49665832519531
22,43.20206832885742
23,43.64622497558594
24,42.84467315673828
25,43.77099609375
26,43.39379119873047
27,45.23076248168945
28,46.32896423339844
29,47.77638626098633
30,48.3445930480957
31,47.60953140258789
32,48.0064811706543
33,49.34918212890625
34,49.4474983215332
35,50.54924392700195
36,48.10494613647461
37,48.172447204589844
38,50.055171966552734
39,49.95551300048828
40,49.143287658691406
41,49.686885833740234
42,49.714603424072266
43,49.76338195800781
44,49.36528396606445
45,49.34326934814453
46,47.78949737548828
47,46.463890075683594
48,51.27651596069336
49,49.19392013549805
50,51.39459991455078
51,52.23532485961914
52,48.119441986083984
53,49.015254974365234
54,49.3056640625
55,50.5184440612793
56,49.04252624511719
57,49.943572998046875
58,49.06272888183594
59,50.937583923339844
60,50.268882751464844
61,48.21091079711914
62,47.854278564453125
63,48.878658294677734
64,50.16019821166992
65,49.794830322265625
66,49.67107009887695
67,52.45717239379883
68,51.11300277709961
69,51.91122817993164
70,50.60383224487305
71,50.67069625854492
72,51.23753356933594
73,51.89897918701172
74,51.20378875732422
75,51.6453971862793
76,48.80708312988281
77,51.68883514404297
78,52.13943099975586
79,51.76188659667969
80,47.685874938964844
81,52.22744369506836
82,51.57286071777344
83,49.00699234008789
84,53.4157829284668
85,52.434268951416016
86,51.79731369018555
87,48.43511962890625
88,47.29689407348633
89,53.86741638183594
90,50.633296966552734
91,51.78184509277344
92,51.13101577758789
93,51.8397331237793
94,51.16065216064453
95,50.13658142089844
96,54.428680419921875
97,54.00846481323242
98,51.9680290222168
99,53.46873474121094
100,53.09842300415039
101,52.6929817199707
102,52.31987762451172
103,52.82444763183594
104,50.15163803100586
105,52.43990707397461
106,53.65081787109375
107,49.57377624511719
108,53.83149337768555
109,52.9683952331543
110,52.724117279052734
111,53.74885559082031
112,53.426273345947266
113,53.794429779052734
114,51.17955017089844
115,52.88758087158203
116,52.627655029296875
117,52.48100280761719
118,52.94288635253906
119,54.087379455566406
120,53.68007278442383
121,53.9784049987793
122,51.99626922607422
123,54.45417022705078
124,50.77153015136719
125,53.39075469970703
126,51.29662322998047
127,51.91826629638672
128,53.866920471191406
129,53.73698043823242
130,55.880577087402344
131,55.512725830078125
132,52.66184997558594
133,55.454689025878906
134,54.64653778076172
135,53.06636047363281
136,55.19855499267578
137,53.946502685546875
138,54.58514404296875
139,54.94888687133789
140,56.211753845214844
141,55.84392547607422
142,55.907657623291016
143,57.829017639160156
144,57.43856430053711
145,57.877620697021484
146,56.329219818115234
147,57.79670715332031
148,56.575801849365234
149,52.663551330566406
150,57.608245849609375
151,55.88063049316406
152,57.60306930541992
153,58.05256652832031
154,59.043174743652344
155,55.97004699707031
156,58.65530776977539
157,57.83277130126953
158,55.49208450317383
159,54.518863677978516
160,58.11647033691406
161,57.5247917175293
162,56.2990837097168
163,58.70055389404297
164,57.08839416503906
165,57.90873336791992
166,57.718963623046875
167,57.04576873779297
168,56.56562042236328
169,57.73991394042969
170,57.35779571533203
171,57.98915481567383
172,56.708553314208984
173,58.632659912109375
174,59.73575210571289
175,58.724308013916016
176,57.62323760986328
177,57.465274810791016
178,58.52788543701172
179,55.390438079833984
180,57.84625244140625
181,58.86549377441406
182,56.65656280517578
183,57.91483688354492
184,57.76881790161133
185,58.45023727416992
186,58.00882339477539
187,57.33972930908203
188,60.15629196166992
189,60.19150161743164
190,55.7415885925293
191,58.35332489013672
192,58.8624382019043
193,58.6841926574707
194,55.76232147216797
195,58.665775299072266
196,59.41643524169922
197,59.41533660888672
198,58.4930305480957
199,59.66144561767578
200,56.98600387573242
201,55.1977653503418
202,55.63948440551758
203,59.2609748840332
204,57.391571044921875
205,59.20423889160156
206,57.518463134765625
207,60.15433120727539
208,59.44474411010742
209,57.62361526489258
210,57.365455627441406
211,58.74528121948242
212,58.3785285949707
213,55.831275939941406
214,60.8089599609375
215,56.8582649230957
216,57.646888732910156
217,58.66179656982422
218,58.98952865600586
219,57.606868743896484
220,59.323509216308594
221,58.6419677734375
222,59.28403854370117
223,59.798824310302734
224,57.0220832824707
225,60.34495162963867
226,58.80853271484375
227,59.80145263671875
228,58.014041900634766
229,55.54436492919922
230,57.47151565551758
231,57.3275032043457
232,58.43851852416992
233,59.90947341918945
234,58.653438568115234
235,59.47367477416992
236,60.103431701660156
237,58.5718879699707
238,56.52569580078125
239,59.381229400634766
240,60.11505126953125
241,58.03348922729492
242,60.527339935302734
243,58.655609130859375
244,56.84970474243164
245,57.26030349731445
246,58.55362319946289
247,57.70639419555664
248,59.76234817504883
249,57.76901626586914
250,57.418182373046875
251,57.645599365234375
252,58.57157516479492
253,59.51576614379883
254,59.36202621459961
255,60.8559455871582
256,58.97509765625
257,59.73928451538086
258,59.9388542175293
259,59.10917282104492
260,58.14621353149414
261,58.250125885009766
262,59.3664436340332
263,57.824825286865234
264,60.1335563659668
265,58.886680603027344
266,59.291709899902344
267,59.09259033203125
268,60.61307144165039
269,59.3642463684082
270,59.33625793457031
271,57.26057434082031
272,58.4566764831543
273,58.75424575805664
274,58.75742721557617
275,57.24281311035156
276,57.275604248046875
277,58.41121292114258
278,59.613487243652344
279,58.464378356933594
280,60.09315490722656
281,57.842655181884766
282,60.08266830444336
283,58.6319580078125
284,59.113407135009766
285,60.928592681884766
286,58.27516555786133
287,58.990440368652344
288,59.750701904296875
289,60.237342834472656
290,59.759178161621094
291,57.6407585144043
292,59.712459564208984
293,58.917686462402344
294,58.681697845458984
295,60.0438346862793
296,60.09241485595703
297,60.346248626708984
298,59.45427322387695
299,59.162872314453125
300,59.49143600463867
301,59.586116790771484
302,58.56269073486328
303,55.71669006347656
304,57.70695114135742
305,59.95820236206055
306,59.775230407714844
307,57.457942962646484
308,58.23002243041992
309,60.226078033447266
310,60.873172760009766
311,60.150142669677734
312,59.17620849609375
313,59.794281005859375
314,57.843345642089844
315,59.76430892944336
316,58.78108596801758
317,58.60358428955078
318,57.13137435913086
319,59.74171447753906
320,58.60572052001953
321,59.87285614013672
322,60.20457077026367
323,60.194339752197266
324,58.689422607421875
325,59.767181396484375
326,59.371219635009766
327,58.83962631225586
328,58.990909576416016
329,59.68671417236328
330,59.5346794128418
331,59.35182189941406
332,59.96135711669922
333,58.98393630981445
334,60.447486877441406
335,58.13874435424805
336,58.28824996948242
337,58.59084701538086
338,58.60097885131836
339,59.51033020019531
340,58.58403778076172
341,58.9282341003418
342,58.783424377441406
343,59.809913635253906
344,57.61400604248047
345,60.734100341796875
346,60.326297760009766
347,59.78114318847656
348,60.924537658691406
349,60.422149658203125
350,60.56180953979492
351,59.188663482666016
352,59.766727447509766
353,59.2015266418457
354,60.674964904785156
355,58.7009391784668
356,59.69577407836914
357,60.03921890258789
358,58.82757568359375
359,59.13142395019531
360,59.3527946472168
361,58.146034240722656
362,59.14595031738281
363,59.57155227661133
364,58.625240325927734
365,58.14170455932617
366,58.319091796875
367,60.89363098144531
368,61.32121276855469
369,57.98283386230469
370,59.90734100341797
371,60.29045867919922
372,59.74750900268555
373,59.0911750793457
374,58.70970153808594
375,59.847877502441406
376,61.854000091552734
377,61.63472366333008
378,58.49332809448242
379,58.6563720703125
380,59.76902389526367
381,59.27920150756836
382,60.29441452026367
383,60.19388198852539
384,61.518795013427734
385,61.60390090942383
386,59.10971450805664
387,62.46443557739258
388,58.80029296875
389,61.0714225769043
390,61.56053924560547
391,60.3634033203125
392,58.94304275512695
393,59.17669677734375
394,59.69147491455078
395,62.083702087402344
396,60.640995025634766
397,61.40522766113281
398,60.447914123535156
399,61.46537780761719
400,60.463470458984375
401,60.5882453918457
402,59.85205078125
403,58.26036834716797
404,61.07548904418945
405,59.75299072265625
406,60.13492965698242
407,61.0873908996582
408,59.70111083984375
409,60.45475387573242
410,60.733726501464844
411,59.3307991027832
412,59.74327850341797
413,61.31464385986328
414,59.99059295654297
415,60.93035125732422
416,61.587032318115234
417,59.83595275878906
418,60.009429931640625
419,59.84723663330078
420,59.406497955322266
421,61.43928146362305
422,59.83991241455078
423,59.23414993286133
424,60.623538970947266
425,60.91214370727539
426,58.9941291809082
427,61.88520812988281
428,60.46772003173828
429,61.72099304199219
430,59.25373840332031
431,59.50688934326172
432,58.48972702026367
433,59.30323028564453
434,52.42893600463867
435,57.54762649536133
436,56.04975128173828
437,57.63407897949219
438,57.39380645751953
439,58.32354736328125
440,58.94105529785156
441,58.702720642089844
442,58.23198318481445
443,59.25132369995117
444,59.81524658203125
445,60.155975341796875
446,58.10268020629883
447,60.60733413696289
448,57.0279426574707
449,59.74171829223633
450,59.81192398071289
451,60.90985107421875
452,58.28886795043945
453,61.50149154663086
454,61.5157356262207
455,60.57730484008789
456,59.7662467956543
457,60.35186767578125
458,61.819580078125
459,60.25795364379883
460,59.616661071777344
461,59.704429626464844
462,61.27400207519531
463,58.315635681152344
464,60.1641731262207
465,61.05706787109375
466,59.375587463378906
467,60.1212158203125
468,60.233482360839844
469,59.78622055053711
470,59.06705856323242
471,58.74440383911133
472,60.743648529052734
473,57.69451141357422
474,60.31044387817383
475,60.5111198425293
476,59.1353645324707
477,59.092525482177734
478,60.34940719604492
479,58.44366455078125
480,59.696388244628906
481,61.313594818115234
482,59.2140007019043
483,59.47135543823242
484,57.628517150878906
485,59.894683837890625
486,59.592140197753906
487,60.603694915771484
488,60.1827278137207
489,59.851314544677734
490,57.16963577270508
491,59.354393005371094
492,60.71446228027344
493,59.73513412475586
494,60.20859146118164
495,57.746646881103516
496,58.986446380615234
497,61.23660659790039
498,61.802085876464844
499,58.38682174682617
