0,-0.07534544914960861
1,-0.04180159047245979
2,-0.040389284491539
3,-0.03246760368347168
4,-0.0050808461382985115
5,-0.0074492935091257095
6,0.022094976156949997
7,0.04312950000166893
8,0.07421272993087769
9,0.12007175385951996
10,0.15306390821933746
11,0.21466398239135742
12,0.24061502516269684
13,0.24964581429958344
14,0.301261305809021
15,0.3000355660915375
16,0.34648627042770386
17,0.3567507565021515
18,0.3736780285835266
19,0.3852693736553192
20,0.4207747280597687
21,0.42609092593193054
22,0.4345087707042694
23,0.433622807264328
24,0.4334847033023834
25,0.4380577802658081
26,0.433120995759964
27,0.45099690556526184
28,0.4658764600753784
29,0.47820669412612915
30,0.4782277047634125
31,0.47885313630104065
32,0.4839444160461426
33,0.49490320682525635
34,0.49120256304740906
35,0.5062248110771179
36,0.47526007890701294
37,0.4915534555912018
38,0.4994387626647949
39,0.49343910813331604
40,0.494028240442276
41,0.5001964569091797
42,0.49693790078163147
43,0.4973604381084442
44,0.49208757281303406
45,0.4920552372932434
46,0.4811941683292389
47,0.46234700083732605
48,0.5191747546195984
49,0.4905490577220917
50,0.5124287605285645
51,0.5266572833061218
52,0.47805964946746826
53,0.4871024489402771
54,0.5005972385406494
55,0.5034033060073853
56,0.497187077999115
57,0.4964723289012909
58,0.49152183532714844
59,0.5076389312744141
60,0.5051677823066711
61,0.4800992012023926
62,0.4788855016231537
63,0.48879459500312805
64,0.5034682154655457
65,0.5000535249710083
66,0.49135398864746094
67,0.5302914381027222
68,0.5081576108932495
69,0.5180354714393616
70,0.5038565993309021
71,0.5099230408668518
72,0.5152094960212708
73,0.5170621871948242
74,0.5152069330215454
75,0.5139540433883667
76,0.48927372694015503
77,0.5188148021697998
78,0.5155633687973022
79,0.5199662446975708
80,0.47651436924934387
81,0.5265637040138245
82,0.5144319534301758
83,0.4968101680278778
84,0.5376344919204712
85,0.5244083404541016
86,0.5273817777633667
87,0.48318585753440857
88,0.48702627420425415
89,0.5375204086303711
90,0.5200669169425964
91,0.5191147327423096
92,0.5164104104042053
93,0.5132545232772827
94,0.5088589191436768
95,0.5182508826255798
96,0.5441939234733582
97,0.5368966460227966
98,0.5237734913825989
99,0.5325960516929626
100,0.5357851386070251
101,0.5312478542327881
102,0.5255348682403564
103,0.5291739106178284
104,0.5046352744102478
105,0.5294422507286072
106,0.5342229604721069
107,0.5021383166313171
108,0.53975909948349
109,0.5391435027122498
110,0.5171453952789307
111,0.5411739945411682
112,0.5345279574394226
113,0.5418004989624023
114,0.5117577910423279
115,0.5274677872657776
116,0.5261369347572327
117,0.526146650314331
118,0.5318780541419983
119,0.5402143597602844
120,0.5376083850860596
121,0.5456167459487915
122,0.5226430892944336
123,0.5456276535987854
124,0.5149994492530823
125,0.5341877937316895
126,0.5145577192306519
127,0.5236330628395081
128,0.5377660989761353
129,0.5400188565254211
130,0.5597016215324402
131,0.5540814399719238
132,0.5292652249336243
133,0.5535470843315125
134,0.5434145331382751
135,0.5364595651626587
136,0.5504665374755859
137,0.540868878364563
138,0.5447825193405151
139,0.5468760132789612
140,0.566135585308075
141,0.5573453903198242
142,0.5595496296882629
143,0.5807821154594421
144,0.5719700455665588
145,0.5761837363243103
146,0.5671880841255188
147,0.5780311822891235
148,0.5694039463996887
149,0.534996747970581
150,0.5739405155181885
151,0.5633258819580078
152,0.5778162479400635
153,0.5792847275733948
154,0.5859927535057068
155,0.5645251274108887
156,0.5875457525253296
157,0.5726650357246399
158,0.5723831057548523
159,0.5661259889602661
160,0.585419237613678
161,0.5735605955123901
162,0.5664119124412537
163,0.5848522782325745
164,0.5736528038978577
165,0.5827919244766235
166,0.5767051577568054
167,0.5704345107078552
168,0.5707084536552429
169,0.5773530006408691
170,0.5757192969322205
171,0.5735558867454529
172,0.5724307298660278
173,0.5873246192932129
174,0.5993668437004089
175,0.586785614490509
176,0.574646532535553
177,0.5772632360458374
178,0.5844396948814392
179,0.555942952632904
180,0.57888263463974
181,0.5903345346450806
182,0.5703009366989136
183,0.5777584314346313
184,0.5749686360359192
185,0.589770495891571
186,0.5800928473472595
187,0.5755165815353394
188,0.6049595475196838
189,0.5990557670593262
190,0.5622587203979492
191,0.5839036107063293
192,0.5895246267318726
193,0.5830569863319397
194,0.5635797381401062
195,0.5861687660217285
196,0.597809910774231
197,0.5940669178962708
198,0.5831559300422668
199,0.5975768566131592
200,0.5663006901741028
201,0.5645354986190796
202,0.5682582259178162
203,0.5956112146377563
204,0.5788006782531738
205,0.5874916911125183
206,0.5843319296836853
207,0.6027371287345886
208,0.5946557521820068
209,0.5773054361343384
210,0.5725243091583252
211,0.5876964926719666
212,0.5857593417167664
213,0.5751191973686218
214,0.6048858761787415
215,0.5746617317199707
216,0.5812346339225769
217,0.5833300948143005
218,0.5947986841201782
219,0.5759619474411011
220,0.5950262546539307
221,0.5879278182983398
222,0.5959940552711487
223,0.596190333366394
224,0.5739838480949402
225,0.6015228033065796
226,0.588559627532959
227,0.6016259789466858
228,0.5760053396224976
229,0.5706950426101685
230,0.5863571763038635
231,0.5809580087661743
232,0.5939245223999023
233,0.6007556319236755
234,0.5843961238861084
235,0.5928381085395813
236,0.605502188205719
237,0.5837670564651489
238,0.5724747776985168
239,0.5922635793685913
240,0.6033675670623779
241,0.5828589797019958
242,0.6048053503036499
243,0.5877671837806702
244,0.5670947432518005
245,0.5709981918334961
246,0.5870369672775269
247,0.5817692279815674
248,0.5977575182914734
249,0.5838092565536499
250,0.5735013484954834
251,0.5770293474197388
252,0.5856454372406006
253,0.595337986946106
254,0.5919039249420166
255,0.6111908555030823
256,0.5911079049110413
257,0.5925095677375793
258,0.6017395853996277
259,0.5996836423873901
260,0.5849195122718811
261,0.594411313533783
262,0.5949296951293945
263,0.578372061252594
264,0.6019432544708252
265,0.5858919620513916
266,0.5941739678382874
267,0.5937501788139343
268,0.6049731969833374
269,0.5932090282440186
270,0.5913808345794678
271,0.5761838555335999
272,0.5847537517547607
273,0.586552083492279
274,0.5898345708847046
275,0.5781196355819702
276,0.5690446496009827
277,0.584885835647583
278,0.6015009880065918
279,0.5829038619995117
280,0.5980671048164368
281,0.5776364803314209
282,0.6024250388145447
283,0.5906091332435608
284,0.5881537199020386
285,0.610835611820221
286,0.5897240042686462
287,0.5918534398078918
288,0.5940645337104797
289,0.6031374335289001
290,0.5914633274078369
291,0.581769585609436
292,0.5943784117698669
293,0.5860059261322021
294,0.5891897678375244
295,0.6033785343170166
296,0.6021875143051147
297,0.6010128259658813
298,0.5964898467063904
299,0.5954508185386658
300,0.594951868057251
301,0.5911139845848083
302,0.5851898193359375
303,0.5595645308494568
304,0.5772955417633057
305,0.5981765985488892
306,0.5976966023445129
307,0.5745981335639954
308,0.5843692421913147
309,0.600479781627655
310,0.6091914176940918
311,0.600422203540802
312,0.589627742767334
313,0.5991042256355286
314,0.5797949433326721
315,0.6019764542579651
316,0.5846116542816162
317,0.5827538371086121
318,0.5758686065673828
319,0.5934029817581177
320,0.5904277563095093
321,0.5953578948974609
322,0.6030979752540588
323,0.5987627506256104
324,0.5903606414794922
325,0.5919471979141235
326,0.5965731143951416
327,0.5919100642204285
328,0.5953408479690552
329,0.6001079678535461
330,0.5914770364761353
331,0.5976561307907104
332,0.6000810265541077
333,0.5901607275009155
334,0.6010882258415222
335,0.5853804349899292
336,0.5967212915420532
337,0.581215500831604
338,0.5885130763053894
339,0.5855565071105957
340,0.593968391418457
341,0.5882313847541809
342,0.5917445421218872
343,0.5958710312843323
344,0.5770704746246338
345,0.6075047850608826
346,0.6024729609489441
347,0.598243236541748
348,0.6039038896560669
349,0.6108274459838867
350,0.606082022190094
351,0.5910173058509827
352,0.5948559641838074
353,0.5915281772613525
354,0.6079206466674805
355,0.5860255360603333
356,0.6003162860870361
357,0.6019777655601501
358,0.5800544619560242
359,0.5972272157669067
360,0.5926845073699951
361,0.585208535194397
362,0.5888428688049316
363,0.5967366099357605
364,0.5857675671577454
365,0.5839561820030212
366,0.5926839709281921
367,0.609344482421875
368,0.609808087348938
369,0.5838144421577454
370,0.6017661690711975
371,0.6059836149215698
372,0.6024194955825806
373,0.5933066606521606
374,0.5852139592170715
375,0.6052535176277161
376,0.6179906129837036
377,0.6150751113891602
378,0.5851943492889404
379,0.5863756537437439
380,0.5956095457077026
381,0.5936837792396545
382,0.6057614088058472
383,0.6016422510147095
384,0.6137459874153137
385,0.6174715161323547
386,0.5912890434265137
387,0.6232776641845703
388,0.5928305387496948
389,0.6074952483177185
390,0.614767849445343
391,0.606752336025238
392,0.5900171399116516
393,0.5903509259223938
394,0.5969838500022888
395,0.6238904595375061
396,0.6054256558418274
397,0.6126447916030884
398,0.6022253632545471
399,0.6176126599311829
400,0.6039201021194458
401,0.6074943542480469
402,0.5999462008476257
403,0.5821202993392944
404,0.6101540327072144
405,0.5996639132499695
406,0.6026114225387573
407,0.6051316261291504
408,0.6014130115509033
409,0.6027930378913879
410,0.608346700668335
411,0.5943973660469055
412,0.5965107083320618
413,0.6095789670944214
414,0.6027926206588745
415,0.6082320213317871
416,0.6165011525154114
417,0.6024588346481323
418,0.5993863940238953
419,0.5986477136611938
420,0.6023144721984863
421,0.6124560236930847
422,0.6074175834655762
423,0.5947323441505432
424,0.6037402153015137
425,0.6115239858627319
426,0.5958571434020996
427,0.6212190985679626
428,0.6049700379371643
429,0.6170293092727661
430,0.5936009883880615
431,0.6019542217254639
432,0.595116376876831
433,0.6120380759239197
434,0.5627748966217041
435,0.5943818092346191
436,0.580803394317627
437,0.5975413918495178
438,0.5908361673355103
439,0.5974777340888977
440,0.6013718843460083
441,0.5889355540275574
442,0.5947504043579102
443,0.5927979946136475
444,0.5999487042427063
445,0.6039795875549316
446,0.5926048755645752
447,0.6036038398742676
448,0.5867444276809692
449,0.5978378057479858
450,0.6039440631866455
451,0.606333315372467
452,0.5987439751625061
453,0.6078338027000427
454,0.6164648532867432
455,0.6072191596031189
456,0.6087134480476379
457,0.6045423746109009
458,0.6154006123542786
459,0.604584813117981
460,0.5938447117805481
461,0.601935863494873
462,0.6113964915275574
463,0.5901818871498108
464,0.6006886959075928
465,0.6087245345115662
466,0.6031875610351562
467,0.6003385186195374
468,0.6036840081214905
469,0.6011835336685181
470,0.5916794538497925
471,0.5969080924987793
472,0.6057400703430176
473,0.5841822028160095
474,0.6030235290527344
475,0.607527494430542
476,0.5924345254898071
477,0.5905755162239075
478,0.6065771579742432
479,0.586218535900116
480,0.6015619039535522
481,0.6158062219619751
482,0.5911256670951843
483,0.5960655212402344
484,0.5808010101318359
485,0.5913505554199219
486,0.602112889289856
487,0.6082225441932678
488,0.6009587049484253
489,0.6022033095359802
490,0.5758068561553955
491,0.5931156873703003
492,0.6080840826034546
493,0.5965112447738647
494,0.6053400039672852
495,0.5805080533027649
496,0.5902992486953735
497,0.6116113066673279
498,0.6175097823143005
499,0.58590167760849
