0,11.860849380493164
1,7.778650283813477
2,2.3421783447265625
3,1.3975728750228882
4,2.165661096572876
5,1.868367314338684
6,2.2158327102661133
7,2.0855231285095215
8,2.1737098693847656
9,2.312976360321045
10,0.6158684492111206
11,1.5768966674804688
12,2.005002975463867
13,1.0624412298202515
14,3.373487710952759
15,3.1295955181121826
16,3.428027391433716
17,2.0977368354797363
18,3.848630666732788
19,3.1560959815979004
20,2.105233907699585
21,2.941147565841675
22,0.8449611067771912
23,-0.45112892985343933
24,-0.10453919321298599
25,0.3845081329345703
26,-1.4289970397949219
27,0.9870341420173645
28,0.6960954070091248
29,0.2306337207555771
30,-0.5401062369346619
31,-1.425285816192627
32,-0.9268726706504822
33,-1.6317776441574097
34,-1.5463268756866455
35,0.3317705988883972
36,-0.8584269881248474
37,-0.15731920301914215
38,-1.3333096504211426
39,-1.025359034538269
40,-1.4641013145446777
41,1.0637325048446655
42,-0.9359186887741089
43,-0.9105225205421448
44,0.03458316996693611
45,-0.14310911297798157
46,-0.31909415125846863
47,0.19040191173553467
48,-0.7237074375152588
49,1.1845440864562988
50,0.6266074180603027
51,-1.0060334205627441
52,0.12820076942443848
53,0.4255262613296509
54,0.48085376620292664
55,-0.12601636350154877
56,-0.2217911332845688
57,1.2137300968170166
58,0.34268853068351746
59,0.23349855840206146
60,-0.09786445647478104
61,-0.5042151212692261
62,0.2537950277328491
63,-0.41915422677993774
64,1.310860514640808
65,-0.38849779963493347
66,0.22980593144893646
67,1.5057414770126343
68,0.4360944628715515
69,0.9739543795585632
70,1.2116531133651733
71,0.7189068794250488
72,0.3378443419933319
73,0.14838486909866333
74,1.6776434183120728
75,0.8425039649009705
76,2.751316547393799
77,2.7756588459014893
78,1.7349933385849
79,2.1476335525512695
80,2.202558994293213
81,2.7399537563323975
82,5.159073352813721
83,2.7393171787261963
84,3.3096745014190674
85,3.1512579917907715
86,4.177125453948975
87,1.9683177471160889
88,2.154539108276367
89,2.1956722736358643
90,2.559298038482666
91,1.8166805505752563
92,1.780461311340332
93,1.620880365371704
94,1.714027762413025
95,0.9382430911064148
96,1.4913842678070068
97,1.4854601621627808
98,1.3625025749206543
99,0.5884988307952881
100,1.1233856678009033
101,0.673366129398346
102,-0.20368480682373047
103,0.014874516054987907
104,-0.13230390846729279
105,-0.9452406764030457
106,0.007782452739775181
107,-0.7521428465843201
108,-0.05891583859920502
109,-0.3048482835292816
110,-0.07209289819002151
111,-0.2478065937757492
112,0.0444423146545887
113,0.029654379934072495
114,-0.17080426216125488
115,-0.4463431239128113
116,-1.9407973289489746
117,-0.41814547777175903
118,-0.26171308755874634
119,-0.5519981980323792
120,-0.6135771870613098
121,-1.0470205545425415
122,-0.719422459602356
123,-0.10760598629713058
124,-0.1085047647356987
125,-0.16409988701343536
126,-0.6522204875946045
127,0.32771262526512146
128,0.3432820439338684
129,-0.4108967185020447
130,0.9645489454269409
131,-0.23808349668979645
132,-0.6695500612258911
133,-0.544901967048645
134,-0.0598781555891037
135,-0.470843106508255
136,0.3406483829021454
137,0.24481576681137085
138,0.14309975504875183
139,-0.12401357293128967
140,-0.04226820915937424
141,-0.7421040534973145
142,-0.08636614680290222
143,-0.17350710928440094
144,-0.11654840409755707
145,0.18646126985549927
146,-0.3912264108657837
147,-0.3019278645515442
148,-0.38962429761886597
149,0.41847410798072815
150,0.2804948091506958
151,-0.545505940914154
152,-0.1772034615278244
153,0.591759443283081
154,-0.0653914138674736
155,0.034454867243766785
156,0.9160095453262329
157,0.0102933868765831
158,0.07078401744365692
159,0.05228898674249649
160,0.20651043951511383
161,0.3005613088607788
162,-0.08207320421934128
163,0.6797393560409546
164,0.5359745621681213
165,-0.3348267376422882
166,0.6217378973960876
167,-0.11831475049257278
168,0.05561172589659691
169,-0.18471211194992065
170,0.5009147524833679
171,0.2654985785484314
172,-0.09968844801187515
173,0.05244641378521919
174,0.7952870726585388
175,-0.3064543604850769
176,0.4927671551704407
177,0.597195565700531
178,0.936802864074707
179,0.4730295240879059
180,0.7489463090896606
181,0.3212825655937195
182,0.11302991956472397
183,0.48136791586875916
184,0.6678854823112488
185,0.0718439370393753
186,0.36726000905036926
187,0.057089436799287796
188,0.5125223994255066
189,-0.10659224539995193
190,0.21835555136203766
191,-0.4091736376285553
192,-0.2946773171424866
193,-0.3109312355518341
194,-0.10343144088983536
195,0.09415022283792496
196,0.371244341135025
197,0.032742585986852646
198,-0.26816439628601074
199,0.3866857588291168
200,0.4194544851779938
201,0.9457001686096191
202,-0.27719607949256897
203,0.7309927344322205
204,0.049127452075481415
205,0.25636380910873413
206,0.7459540367126465
207,0.29345136880874634
208,0.4700288474559784
209,0.1681927889585495
210,0.1881708949804306
211,0.19849641621112823
212,-0.1278509944677353
213,0.01222490705549717
214,0.5271629095077515
215,-0.09227639436721802
216,0.6253982186317444
217,0.028307801112532616
218,0.8972054123878479
219,0.09552104026079178
220,0.5503913760185242
221,-0.24890394508838654
222,-0.16158157587051392
223,0.04583905637264252
224,-0.2098369002342224
225,0.09893877059221268
226,-0.16396455466747284
227,0.15771517157554626
228,-0.12896910309791565
229,-0.1188480481505394
230,-0.0982501432299614
231,0.25022825598716736
232,0.07615412026643753
233,0.005135769955813885
234,0.07141731679439545
235,-0.5158339738845825
236,0.03849339112639427
237,-0.3029705882072449
238,-0.4438716769218445
239,-0.47151899337768555
240,-0.214409738779068
241,-0.25023818016052246
242,0.037859003990888596
243,-0.29240310192108154
244,0.014844843186438084
245,0.5411040782928467
246,0.2195912003517151
247,0.37545332312583923
248,-0.8874656558036804
249,0.14999359846115112
250,-0.017955591902136803
251,0.6568748950958252
252,-0.12594887614250183
253,0.3472457230091095
254,0.04110604524612427
255,-0.15635696053504944
256,0.2214874029159546
257,-0.04157806560397148
258,0.33783674240112305
259,0.5007950663566589
260,-0.7975136637687683
261,0.3735607862472534
262,-0.09150227904319763
263,-0.36407485604286194
264,-0.3712008595466614
265,-0.0630258247256279
266,0.17105725407600403
267,-0.03837059810757637
268,0.3116198182106018
269,-0.050084177404642105
270,0.07105226814746857
271,-0.239292174577713
272,0.1259024441242218
273,-0.10620967298746109
274,-0.027241960167884827
275,-0.27692165970802307
276,-0.05447361245751381
277,-0.12235326319932938
278,0.48383834958076477
279,-0.08493967354297638
280,0.5913454294204712
281,0.29156675934791565
282,0.4141198396682739
283,0.8120171427726746
284,0.178783118724823
285,-0.22430773079395294
286,-0.10703133791685104
287,-0.36420556902885437
288,-0.012070599012076855
289,-0.6228607892990112
290,-0.30177727341651917
291,0.8535752892494202
292,0.6230915784835815
293,0.0885002389550209
294,0.45937076210975647
295,-0.26692405343055725
296,-0.0245587807148695
297,-0.42711806297302246
298,0.48862552642822266
299,-0.09148005396127701
300,-0.005078289657831192
301,0.7118308544158936
302,0.40586885809898376
303,0.15979406237602234
304,0.7955349087715149
305,-0.39811643958091736
306,0.46252143383026123
307,-0.10793230682611465
308,-0.5183278918266296
309,-0.6302229762077332
310,-0.6362355947494507
311,0.35355210304260254
312,0.08124986290931702
313,-0.040566228330135345
314,-0.5743040442466736
315,-0.2187694013118744
316,-0.27385440468788147
317,-0.7840689420700073
318,-0.10560815781354904
319,-0.008399697951972485
320,0.36180269718170166
321,-0.7625276446342468
322,-0.23214314877986908
323,0.20114849507808685
324,0.09549321234226227
325,0.4841391444206238
326,-0.11529787629842758
327,-0.7039379477500916
328,-0.317556232213974
329,-0.4992287755012512
330,0.37856948375701904
331,0.39040306210517883
332,-0.1981358528137207
333,0.39325040578842163
334,-0.8708055019378662
335,-0.3852607309818268
336,0.3073635399341583
337,-1.1999167203903198
338,0.05213572829961777
339,-0.794660747051239
340,-0.31904107332229614
341,0.3486415147781372
342,-0.26664426922798157
343,-0.30631715059280396
344,0.14694030582904816
345,0.22056300938129425
346,-0.14430828392505646
347,0.44022253155708313
348,-0.25855401158332825
349,-0.45236462354660034
350,-0.20542378723621368
351,0.5041018128395081
352,-0.5345605611801147
353,0.14333322644233704
354,-0.5263408422470093
355,-0.23694485425949097
356,-0.1792309731245041
357,1.1187912225723267
358,-0.00914481095969677
359,0.722264289855957
360,-0.22255411744117737
361,-0.28987306356430054
362,0.4065975248813629
363,0.30816781520843506
364,0.03034321591258049
365,-0.4500848948955536
366,0.18475638329982758
367,0.16025994718074799
368,-0.4583788216114044
369,-0.40281495451927185
370,0.5634160041809082
371,-0.014699413441121578
372,0.593285322189331
373,0.01796727254986763
374,0.32557862997055054
375,0.3337203562259674
376,0.5693701505661011
377,-1.3603624105453491
378,0.7476707696914673
379,-0.034040667116642
380,0.32599204778671265
381,-0.826589822769165
382,-0.07538416981697083
383,0.5438351631164551
384,0.013363756239414215
385,-0.13617567718029022
386,-0.312189519405365
387,-0.46343794465065
388,0.6668924689292908
389,-0.5575887560844421
390,-0.04683959111571312
391,-0.12207168340682983
392,0.613498866558075
393,-0.31781747937202454
394,-0.9281147122383118
395,-0.08975385129451752
396,-0.6664277911186218
397,0.29106953740119934
398,0.35902243852615356
399,-0.7555548548698425
400,0.1179804801940918
401,0.21058286726474762
402,-0.3335680663585663
403,0.03283243626356125
404,0.18088513612747192
405,0.43399596214294434
406,0.6702560186386108
407,-0.6066837310791016
408,-0.2811778783798218
409,-0.11526012420654297
410,-0.27017655968666077
411,-0.31033575534820557
412,-0.19820913672447205
413,-0.277377724647522
414,-0.9021229147911072
415,0.7137407064437866
416,-0.3507339656352997
417,-0.4692753851413727
418,-0.5281015038490295
419,0.09718538820743561
420,-0.15601368248462677
421,0.14534345269203186
422,-0.028344331309199333
423,-0.4486966133117676
424,0.10877243429422379
425,0.2625461518764496
426,-0.19141490757465363
427,-0.516287624835968
428,0.1768493354320526
429,-0.22121387720108032
430,0.048840757459402084
431,-0.4991556704044342
432,0.11193996667861938
433,-0.05370941013097763
434,0.10673347860574722
435,-0.17772728204727173
436,-0.6673424243927002
437,-0.23329754173755646
438,0.5630409717559814
439,-0.43908414244651794
440,-0.45305997133255005
441,0.055817849934101105
442,-0.3056892156600952
443,-0.21382999420166016
444,-0.6654281616210938
445,-0.49197953939437866
446,0.9114136695861816
447,-0.32940787076950073
448,-0.5169419050216675
449,0.43275195360183716
450,-0.2961127460002899
451,-0.40335190296173096
452,0.7558995485305786
453,-0.7077354788780212
454,-0.7292562127113342
455,-0.21597787737846375
456,-0.044009171426296234
457,0.005953770596534014
458,0.0660739466547966
459,0.20903776586055756
460,-0.132845938205719
461,-0.16021184623241425
462,-0.15393909811973572
463,0.1631873995065689
464,-0.07267647236585617
465,-0.39787235856056213
466,-0.3130856156349182
467,0.01111987791955471
468,0.15959955751895905
469,-0.4115924835205078
470,-0.14642485976219177
471,0.5298774838447571
472,0.4890476167201996
473,-0.7242336869239807
474,0.16520996391773224
475,-0.7909989953041077
476,-0.2105085402727127
477,0.07286955416202545
478,0.3230513632297516
479,0.08364307135343552
480,0.09649375826120377
481,0.07486335188150406
482,-0.5095740556716919
483,-0.00010585996642475948
484,0.27057841420173645
485,-0.22409966588020325
486,0.7753257155418396
487,0.30825430154800415
488,-0.012577865272760391
489,0.6163672804832458
490,-0.5319145917892456
491,-0.809611976146698
492,0.3583790957927704
493,-0.40696990489959717
494,0.40519702434539795
495,-0.17048272490501404
496,0.4671329855918884
497,0.48128047585487366
498,-0.005176059436053038
499,-0.15519815683364868
