0,-5.809838771820068
1,-6.142199516296387
2,-5.712439060211182
3,-5.450089454650879
4,-4.2915143966674805
5,-3.5419793128967285
6,-2.9005894660949707
7,-0.7563695907592773
8,-0.13617107272148132
9,0.9637672305107117
10,5.7457051277160645
11,10.082389831542969
12,13.130989074707031
13,15.611501693725586
14,21.583810806274414
15,24.248825073242188
16,26.45344352722168
17,28.713729858398438
18,30.03430938720703
19,30.884424209594727
20,31.259857177734375
21,33.7739143371582
22,35.573028564453125
23,37.51884841918945
24,39.393070220947266
25,39.14230728149414
26,40.837520599365234
27,42.49921417236328
28,42.49618148803711
29,43.66255187988281
30,44.6029052734375
31,46.8576774597168
32,45.364715576171875
33,47.01218795776367
34,48.643035888671875
35,47.008670806884766
36,47.420291900634766
37,50.67649459838867
38,49.582706451416016
39,51.056480407714844
40,50.921241760253906
41,50.38656997680664
42,51.784637451171875
43,52.02934646606445
44,50.94049072265625
45,51.09910202026367
46,51.18305969238281
47,50.433231353759766
48,53.38744354248047
49,52.15888595581055
50,51.171470642089844
51,49.572269439697266
52,49.985496520996094
53,50.837642669677734
54,52.576595306396484
55,52.15118408203125
56,52.9572868347168
57,51.212162017822266
58,50.34563446044922
59,53.00235366821289
60,51.50008773803711
61,53.17066955566406
62,52.55868148803711
63,54.93744659423828
64,53.948272705078125
65,56.05528259277344
66,54.11888122558594
67,54.20478057861328
68,53.007041931152344
69,55.70137023925781
70,54.99878692626953
71,53.65189743041992
72,54.551002502441406
73,54.42314910888672
74,55.326717376708984
75,56.270835876464844
76,55.030426025390625
77,56.084861755371094
78,54.02035903930664
79,54.54426574707031
80,55.00582504272461
81,56.47947311401367
82,52.388397216796875
83,54.21883010864258
84,51.27322006225586
85,55.50615310668945
86,55.069305419921875
87,57.06804656982422
88,53.713619232177734
89,55.52016830444336
90,54.8974609375
91,53.55903625488281
92,55.063236236572266
93,53.8211784362793
94,55.83647155761719
95,55.208900451660156
96,55.57119369506836
97,56.42934036254883
98,57.5562858581543
99,55.52364730834961
100,55.42713928222656
101,57.1207160949707
102,54.6338005065918
103,56.18080139160156
104,55.402305603027344
105,55.09959411621094
106,56.94306182861328
107,55.299076080322266
108,55.86903762817383
109,54.90153121948242
110,56.39919662475586
111,53.81725311279297
112,54.164329528808594
113,53.59858322143555
114,55.9598503112793
115,52.52896499633789
116,56.57574462890625
117,56.497989654541016
118,56.50665283203125
119,55.91580581665039
120,56.261634826660156
121,54.94106674194336
122,55.44297790527344
123,57.640628814697266
124,56.01285171508789
125,57.73723602294922
126,57.39117431640625
127,57.644737243652344
128,58.912174224853516
129,56.22484588623047
130,54.76129150390625
131,56.67667007446289
132,56.83060836791992
133,55.606300354003906
134,55.76483154296875
135,55.99722671508789
136,56.50010299682617
137,57.15970993041992
138,57.768287658691406
139,57.53700256347656
140,56.216896057128906
141,58.350013732910156
142,55.36540222167969
143,56.93986129760742
144,56.0190544128418
145,55.01496887207031
146,57.05889892578125
147,57.85884475708008
148,58.25416564941406
149,57.139522552490234
150,57.14458465576172
151,53.09758377075195
152,56.092742919921875
153,58.49505615234375
154,57.59650421142578
155,58.21977233886719
156,53.046836853027344
157,52.33356475830078
158,56.509456634521484
159,55.35869598388672
160,57.6522102355957
161,56.084110260009766
162,58.35576248168945
163,56.86177444458008
164,57.575653076171875
165,56.889286041259766
166,57.2120475769043
167,57.996883392333984
168,59.53336715698242
169,58.45367431640625
170,58.53041458129883
171,57.765018463134766
172,58.30755615234375
173,58.93436813354492
174,59.49110794067383
175,58.052093505859375
176,58.11585998535156
177,59.66508102416992
178,58.90946578979492
179,56.429561614990234
180,60.14988327026367
181,59.62408447265625
182,59.82290267944336
183,57.51460266113281
184,58.842308044433594
185,55.15829849243164
186,57.003379821777344
187,56.503692626953125
188,58.12165832519531
189,56.73713302612305
190,56.392784118652344
191,57.92609786987305
192,58.305450439453125
193,57.90665817260742
194,59.8588981628418
195,57.1722526550293
196,60.716800689697266
197,60.2784309387207
198,57.50858688354492
199,59.677696228027344
200,59.502872467041016
201,56.928043365478516
202,56.43354034423828
203,59.26088333129883
204,58.438316345214844
205,58.15252685546875
206,60.17862319946289
207,58.858612060546875
208,56.789554595947266
209,57.54701614379883
210,59.466793060302734
211,57.600223541259766
212,58.2530632019043
213,59.23477554321289
214,57.42351531982422
215,58.32355880737305
216,57.980804443359375
217,57.45622634887695
218,57.66140365600586
219,59.116607666015625
220,58.95755386352539
221,58.26175308227539
222,58.61477279663086
223,60.002933502197266
224,58.133056640625
225,55.9058952331543
226,57.32862854003906
227,53.502723693847656
228,55.05434799194336
229,55.4782829284668
230,57.57953643798828
231,56.962825775146484
232,60.41946792602539
233,56.67870330810547
234,59.6041374206543
235,58.29279708862305
236,58.2771110534668
237,59.05194091796875
238,61.290618896484375
239,59.09283447265625
240,57.671836853027344
241,60.06498336791992
242,57.5339241027832
243,59.073909759521484
244,55.985721588134766
245,56.43015670776367
246,58.95258712768555
247,59.819515228271484
248,56.00303649902344
249,57.63698959350586
250,57.52577590942383
251,55.922462463378906
252,53.008060455322266
253,56.42293167114258
254,51.69254684448242
255,48.65276336669922
256,57.70282745361328
257,51.3575439453125
258,53.78557586669922
259,52.198856353759766
260,52.42097473144531
261,58.428810119628906
262,56.27230453491211
263,57.74647521972656
264,54.34916687011719
265,56.53559494018555
266,55.506690979003906
267,56.51009750366211
268,59.33527755737305
269,58.631187438964844
270,57.7934684753418
271,58.8229866027832
272,58.47048568725586
273,58.31831359863281
274,59.842891693115234
275,58.43726348876953
276,58.92652893066406
277,57.94407272338867
278,58.75519561767578
279,56.01009750366211
280,58.371612548828125
281,59.56229782104492
282,60.164676666259766
283,59.67471694946289
284,61.158084869384766
285,58.1790885925293
286,60.32718276977539
287,58.51943588256836
288,57.540523529052734
289,58.580047607421875
290,58.28140640258789
291,58.5103645324707
292,59.180782318115234
293,58.585540771484375
294,58.998844146728516
295,59.7058219909668
296,60.650108337402344
297,59.42574691772461
298,57.0308837890625
299,61.27751159667969
300,58.4764518737793
301,57.71576690673828
302,57.62723159790039
303,58.941646575927734
304,60.00191116333008
305,57.78019332885742
306,60.070465087890625
307,59.2408332824707
308,60.51678466796875
309,59.87862014770508
310,61.94102478027344
311,59.303009033203125
312,60.0034294128418
313,58.1658821105957
314,60.547733306884766
315,58.931846618652344
316,58.39824676513672
317,59.66803741455078
318,59.37453842163086
319,58.713829040527344
320,60.72977828979492
321,60.289669036865234
322,60.48246383666992
323,60.375030517578125
324,59.48191452026367
325,58.95225143432617
326,58.23949432373047
327,60.49653625488281
328,59.108619689941406
329,60.10549545288086
330,61.154441833496094
331,61.14424514770508
332,59.43096160888672
333,61.10992431640625
334,58.7833366394043
335,59.715023040771484
336,60.770591735839844
337,60.53300094604492
338,60.57388687133789
339,58.8954963684082
340,60.60308837890625
341,58.90900802612305
342,60.25272750854492
343,60.06825637817383
344,60.43214416503906
345,60.06415557861328
346,60.86665344238281
347,60.29632568359375
348,59.26728820800781
349,59.03417205810547
350,58.77089309692383
351,60.295494079589844
352,59.9776496887207
353,58.4697151184082
354,59.15620803833008
355,60.2248420715332
356,60.47454833984375
357,61.1206169128418
358,60.497398376464844
359,61.230552673339844
360,60.52558898925781
361,60.423912048339844
362,60.9333381652832
363,59.219337463378906
364,59.491233825683594
365,59.84400939941406
366,61.164527893066406
367,60.76773452758789
368,61.22223663330078
369,61.97506332397461
370,59.80079650878906
371,60.47252655029297
372,61.2396240234375
373,60.852867126464844
374,60.39849853515625
375,61.88246536254883
376,59.90800094604492
377,60.1002311706543
378,61.56206130981445
379,61.39695739746094
380,61.445045471191406
381,59.08283996582031
382,59.154640197753906
383,63.17473602294922
384,60.51138687133789
385,62.136131286621094
386,61.08693313598633
387,60.49607467651367
388,61.48683547973633
389,60.45807647705078
390,61.31944274902344
391,60.51787567138672
392,58.95676040649414
393,61.12514114379883
394,61.17414474487305
395,60.624698638916016
396,59.9750862121582
397,61.74038314819336
398,62.06462097167969
399,61.24809265136719
400,61.85488510131836
401,60.294837951660156
402,62.64128112792969
403,61.65251159667969
404,62.91034698486328
405,60.37493896484375
406,61.6881217956543
407,60.507205963134766
408,61.667396545410156
409,62.80080032348633
410,60.305137634277344
411,58.137855529785156
412,63.04872512817383
413,61.4722785949707
414,61.01239776611328
415,59.97172927856445
416,61.19037628173828
417,59.52949523925781
418,60.68597412109375
419,61.04030990600586
420,63.36929702758789
421,61.5402717590332
422,61.57662582397461
423,61.30153274536133
424,62.56593322753906
425,62.05280685424805
426,62.50519943237305
427,61.731773376464844
428,61.22104263305664
429,61.09893035888672
430,59.709964752197266
431,61.282047271728516
432,59.72734451293945
433,61.05779266357422
434,59.85333251953125
435,61.68878936767578
436,61.23033905029297
437,62.43705749511719
438,60.000343322753906
439,62.40884780883789
440,61.1253662109375
441,61.098880767822266
442,62.1906852722168
443,60.64766311645508
444,62.99885177612305
445,60.80420684814453
446,62.81703567504883
447,60.76359176635742
448,60.796409606933594
449,61.79926300048828
450,62.67229461669922
451,59.92432403564453
452,61.66583251953125
453,62.19438934326172
454,60.88327407836914
455,61.3746452331543
456,62.244117736816406
457,60.53390121459961
458,62.330406188964844
459,61.434913635253906
460,60.84950637817383
461,61.43242645263672
462,60.86370849609375
463,62.02070236206055
464,60.5007438659668
465,60.14064407348633
466,63.033912658691406
467,62.359092712402344
468,62.68758773803711
469,63.077613830566406
470,60.67801284790039
471,61.15010070800781
472,60.07754135131836
473,59.97184371948242
474,61.306278228759766
475,60.65678405761719
476,61.534278869628906
477,59.07892608642578
478,61.10822677612305
479,63.07063674926758
480,61.830406188964844
481,60.743404388427734
482,61.4369010925293
483,61.67837905883789
484,60.54778289794922
485,59.225486755371094
486,61.46917724609375
487,60.82036209106445
488,61.78839111328125
489,62.539920806884766
490,60.299896240234375
491,61.430206298828125
492,62.05912780761719
493,62.46917724609375
494,61.214942932128906
495,60.46617889404297
496,62.076717376708984
497,59.4677848815918
498,59.99845886230469
499,57.95684814453125
